repo,stars,num_commits,test_ratio,test_files,java_files,has_build_system,has_ci_system,main_language,forks,first_commit_date,last_commit_date,project_life_days
directory-scimple,88,2311.0,0.1705,44,258,True,True,Java,44,2016-03-23 18:47:14+00:00,2025-11-03 17:32:53+00:00,3511.0
jmeter,9105,18475.0,0.1701,237,1393,True,True,Java,2239,1998-09-03 00:24:13+00:00,2025-11-20 14:16:02+00:00,9940.0
xmlgraphics-commons,20,662.0,0.1695,70,413,True,True,Java,24,2006-02-20 15:49:33+00:00,2025-11-14 11:42:05+00:00,7206.0
incubator-taverna-common-activities,11,855.0,0.1691,35,207,True,True,Java,13,2009-02-13 09:09:52+00:00,2020-03-12 16:28:51+00:00,4045.0
tuscany-sca-1.x,2,10863.0,0.1688,1012,5996,True,False,Java,7,2005-12-18 02:57:58+00:00,2011-12-14 12:09:11+00:00,2187.0
pdfbox,2951,12729.0,0.1658,213,1285,True,True,Java,926,2008-02-10 18:26:16+00:00,2025-11-19 12:10:56+00:00,6491.0
doris,14618,28569.0,0.1657,1018,6144,False,True,Java,3610,2017-08-11 09:51:21+00:00,2025-11-21 16:11:35+00:00,3024.0
struts-sandbox,5,1878.0,0.1636,180,1100,True,False,Java,5,2001-07-05 12:05:41+00:00,2022-04-23 08:38:11+00:00,7596.0
aries,116,6549.0,0.1629,291,1786,True,True,Java,159,2009-09-29 12:10:45+00:00,2025-11-20 17:01:37+00:00,5896.0
qpid-proton-j,35,3219.0,0.1616,75,464,True,True,Java,60,2012-03-20 20:27:43+00:00,2024-02-13 11:22:40+00:00,4346.0
pekko-platform-guide,4,894.0,0.1613,20,124,False,True,Java,6,2020-08-10 09:06:18+00:00,2024-03-22 15:09:08+00:00,1320.0
karaf,699,9835.0,0.1608,260,1617,True,True,Java,665,2007-11-26 18:06:16+00:00,2025-11-21 12:05:53+00:00,6569.0
olingo-odata4,178,1948.0,0.1608,294,1828,True,True,Java,199,2013-11-07 12:28:42+00:00,2025-06-04 20:42:12+00:00,4227.0
james-jspf,22,751.0,0.1589,17,107,True,True,Java,35,2006-05-06 12:29:21+00:00,2025-09-07 19:12:21+00:00,7064.0
incubator-tajo,26,1192.0,0.1577,137,869,True,False,Java,15,2011-12-09 11:39:47+00:00,2014-03-20 09:49:22+00:00,831.0
polygene-java,93,5820.0,0.1573,436,2772,True,False,Java,28,2007-03-04 06:07:33+00:00,2019-02-14 17:37:06+00:00,4365.0
hama,132,1595.0,0.1569,67,427,True,False,Java,71,2008-06-19 09:52:00+00:00,2018-07-29 21:44:33+00:00,3692.0
xmlgraphics-fop,209,8636.0,0.1563,326,2086,True,True,Java,150,1999-10-31 18:13:49+00:00,2025-11-14 11:52:58+00:00,9510.0
servicecomb-pack,1917,1684.0,0.1557,76,488,True,True,Java,431,2017-07-18 08:27:38+00:00,2024-09-10 09:05:55+00:00,2611.0
dubbo-hessian-lite,65,2545.0,0.1554,53,341,True,True,Java,52,2011-10-20 15:04:29+00:00,2025-11-17 10:42:13+00:00,5141.0
maven-plugin-tools,62,1386.0,0.1538,28,182,True,True,Java,68,2007-10-29 01:09:10+00:00,2025-11-17 16:24:25+00:00,6594.0
commons-bsf,27,997.0,0.1538,12,78,True,True,Java,22,2002-11-01 10:03:07+00:00,2025-11-21 14:28:16+00:00,8421.0
incubator-hugegraph-toolchain,104,684.0,0.1534,100,652,True,True,Java,105,2017-05-16 08:30:06+00:00,2025-11-15 15:23:33+00:00,3105.0
myfaces,125,6426.0,0.1526,288,1887,True,True,Java,72,2006-01-17 14:10:57+00:00,2025-11-04 22:24:49+00:00,7231.0
clerezza,38,2341.0,0.1516,37,244,True,False,Java,26,2009-11-30 11:01:52+00:00,2022-05-19 22:51:02+00:00,4553.0
mnemonic,118,784.0,0.1514,28,185,True,True,Java,62,2015-12-07 08:27:46+00:00,2025-02-22 18:43:38+00:00,3365.0
maven-ear-plugin,11,701.0,0.1481,8,54,True,True,Java,25,2005-07-04 14:09:46+00:00,2025-11-10 10:01:06+00:00,7433.0
axis-axis2-java-rampart,2,1197.0,0.1471,40,272,True,True,Java,5,2007-01-03 05:58:13+00:00,2025-11-02 20:38:28+00:00,6878.0
rampart,1,1041.0,0.1471,40,272,True,True,Java,13,2007-01-03 05:58:13+00:00,2018-10-28 20:17:59+00:00,4316.0
maven-javadoc-plugin,97,1533.0,0.1467,54,368,True,True,Java,103,2005-07-21 02:20:27+00:00,2025-11-10 03:02:37+00:00,7417.0
myfaces-extcdi,9,1136.0,0.1467,109,743,True,False,Java,10,2010-01-15 06:43:19+00:00,2022-07-08 18:58:06+00:00,4557.0
netbeans,2970,11703.0,0.1462,3013,20605,True,True,Java,914,2017-09-11 13:32:02+00:00,2025-11-19 19:24:53+00:00,2991.0
juddi-scout,1,557.0,0.1461,26,178,True,True,Java,0,2004-11-09 15:14:12+00:00,2023-02-21 23:24:40+00:00,6678.0
incubator-nemo,111,645.0,0.1458,86,590,True,True,Java,64,2016-10-31 05:11:29+00:00,2025-07-01 16:26:40+00:00,3165.0
dubbo-integration-cases,5,1585.0,0.1453,86,592,True,True,Java,18,2018-04-28 09:25:30+00:00,2025-11-13 08:02:39+00:00,2755.0
tajo,134,2275.0,0.1446,268,1853,True,True,Java,111,2011-12-09 11:39:47+00:00,2020-05-11 06:36:34+00:00,3075.0
uima-uimaj,66,9055.0,0.1442,306,2122,True,True,Java,37,2006-11-02 22:06:05+00:00,2025-10-01 09:12:22+00:00,6907.0
archiva-redback-core,4,1115.0,0.1436,58,404,True,True,Java,15,2012-04-06 06:49:29+00:00,2022-08-06 04:16:58+00:00,3773.0
incubator-tez,60,778.0,0.1422,90,633,True,False,Java,41,2013-03-15 21:49:28+00:00,2014-07-17 20:55:18+00:00,488.0
inlong,1469,5192.0,0.1421,761,5354,True,True,Java,571,2019-09-11 04:55:41+00:00,2025-11-18 12:39:58+00:00,2260.0
directory-kerby,112,2709.0,0.142,135,951,True,True,Java,79,2014-02-21 18:49:21+00:00,2025-11-20 10:10:22+00:00,4289.0
qpid-jms-amqp-0-x,11,7631.0,0.1406,98,697,True,False,Java,7,2006-09-19 22:06:50+00:00,2021-01-18 16:19:08+00:00,5234.0
storm,6662,11232.0,0.1391,280,2013,True,True,Java,4055,2011-09-16 05:20:45+00:00,2025-11-21 14:04:58+00:00,5180.0
geronimo,41,13137.0,0.1365,479,3510,True,False,Java,22,2003-08-07 20:22:20+00:00,2013-03-21 00:35:41+00:00,3513.0
cloudstack,2701,38231.0,0.1363,1044,7657,True,True,Java,1240,2010-08-11 16:13:25+00:00,2025-11-14 20:22:12+00:00,5574.0
polygene-sandbox,2,692.0,0.1362,32,235,True,False,Java,3,2009-03-30 14:00:24+00:00,2010-11-18 11:36:29+00:00,597.0
commons-jelly,18,2480.0,0.1322,73,552,True,True,Java,24,2002-02-11 00:27:41+00:00,2025-11-21 14:42:14+00:00,8684.0
incubator-wayang,235,2774.0,0.1297,140,1079,True,True,Java,107,2014-08-26 08:21:35+00:00,2025-11-17 08:48:43+00:00,4101.0
incubator-retired-blur,33,5242.0,0.1296,135,1042,True,False,Java,31,2010-06-20 19:03:49+00:00,2017-06-22 12:06:31+00:00,2558.0
chemistry-opencmis,56,2234.0,0.1294,135,1043,True,False,Java,74,2010-02-16 16:03:38+00:00,2019-05-24 11:46:36+00:00,3383.0
accumulo-proxy,11,639.0,0.125,7,56,True,True,Java,22,2013-01-17 21:22:35+00:00,2025-09-15 14:52:35+00:00,4623.0
skywalking-java,876,7114.0,0.1248,416,3332,True,True,Java,665,2015-11-07 03:30:37+00:00,2025-11-20 15:22:39+00:00,3666.0
synapse,76,4359.0,0.1223,158,1292,True,True,Java,62,2005-08-22 12:39:51+00:00,2025-10-08 17:01:39+00:00,7352.0
dubbo-samples,2361,1771.0,0.1223,155,1267,True,True,Java,1978,2018-04-28 09:25:30+00:00,2025-11-19 06:01:09+00:00,2761.0
calcite,4987,6360.0,0.1217,297,2440,True,True,Java,2448,2012-04-20 03:40:33+00:00,2025-11-12 12:22:30+00:00,4954.0
abdera,19,1500.0,0.1208,82,679,True,False,Java,26,2006-06-16 20:05:13+00:00,2017-04-06 12:20:19+00:00,3946.0
marmotta,55,2276.0,0.1188,183,1540,True,True,Java,50,2013-01-03 12:41:43+00:00,2018-06-18 18:31:12+00:00,1992.0
stanbol,114,3404.0,0.1186,197,1661,True,False,Java,74,2010-11-15 13:19:31+00:00,2018-12-01 20:44:15+00:00,2938.0
ambari-logsearch,31,656.0,0.1173,72,614,True,True,Java,55,2016-04-09 09:27:32+00:00,2024-07-31 00:53:33+00:00,3034.0
ode,45,3823.0,0.1156,143,1237,True,True,Java,60,2006-02-17 21:10:46+00:00,2020-01-14 05:08:26+00:00,5078.0
sling-ide-tooling,3,901.0,0.1136,41,361,False,True,Java,6,2013-07-25 13:02:46+00:00,2025-10-14 13:51:28+00:00,4464.0
myfaces-tobago,29,13781.0,0.1127,101,896,True,True,Java,30,2004-04-22 10:10:28+00:00,2025-11-21 11:21:12+00:00,7883.0
logging-log4j-tools,17,578.0,0.1124,10,89,True,True,Java,19,2016-11-12 07:29:22+00:00,2025-06-03 07:51:30+00:00,3125.0
incubator-taverna-mobile,15,699.0,0.112,14,125,True,True,Java,23,2015-05-07 00:17:44+00:00,2020-03-12 16:25:31+00:00,1771.0
syncope,308,9086.0,0.1102,358,3249,True,True,Java,200,2010-04-29 10:33:03+00:00,2025-11-20 14:24:28+00:00,5684.0
pivot,43,4660.0,0.1092,102,934,True,False,Java,25,2008-06-05 13:08:58+00:00,2019-08-14 04:00:20+00:00,4086.0
portals-pluto,26,2991.0,0.1082,175,1617,True,False,Java,36,2003-09-30 14:01:12+00:00,2025-04-04 19:56:44+00:00,7857.0
causeway,881,29588.0,0.1077,479,4449,True,True,Java,315,2004-07-30 11:02:50+00:00,2025-11-20 19:14:47+00:00,7783.0
myfaces-scripting,2,863.0,0.1075,30,279,True,False,Java,5,2009-08-17 17:48:16+00:00,2017-09-24 22:01:34+00:00,2960.0
skywalking,24590,8386.0,0.1057,234,2213,True,True,Java,6627,2015-11-07 03:30:37+00:00,2025-11-19 13:12:42+00:00,3665.0
asterixdb-hyracks,19,2594.0,0.1053,211,2004,True,False,Java,31,2010-06-16 20:42:03+00:00,2016-04-04 20:59:55+00:00,2119.0
giraph,619,1138.0,0.104,144,1384,True,False,Java,304,2011-08-06 07:27:30+00:00,2022-03-09 03:51:20+00:00,3867.0
linkis,3399,4271.0,0.1031,222,2154,True,True,Java,1169,2019-07-23 06:41:52+00:00,2025-11-19 07:09:37+00:00,2311.0
openmeetings,670,3803.0,0.1025,82,800,True,True,Java,263,2015-12-13 05:54:37+00:00,2025-11-04 05:23:54+00:00,3613.0
roller,126,4786.0,0.1023,59,577,True,True,Java,141,2005-06-07 02:56:59+00:00,2025-06-29 21:39:58+00:00,7327.0
