repository,analysis_duration_seconds,total_commits,test_files_added,test_helpers,prod_files_added,matched_pairs,multi_test_prods,test_first_count,same_commit_count,prod_first_count,test_first_%,same_commit_%,prod_first_%,unmatched_test_files,unmatched_prod_files,match_rate_%
sling-org-apache-sling-testing-sling-mock,14.7,640,95,31,63,23,5,0,11,12,0.0,47.8,52.2,41,51,35.9
commons-statistics,25.3,1064,153,7,194,95,4,0,90,5,0.0,94.7,5.3,51,103,65.1
commons-validator,59.6,2763,93,5,81,54,4,5,34,15,9.3,63.0,27.8,34,31,61.4
commons-rdf,40.7,2068,61,16,114,20,2,0,3,17,0.0,15.0,85.0,25,98,44.4
commons-text,58.9,2680,105,1,117,94,7,3,67,24,3.2,71.3,25.5,10,31,90.4
commons-codec,76.1,3272,81,1,81,68,7,0,44,24,0.0,64.7,35.3,12,22,85.0
datasketches-memory,25.4,1097,131,4,90,69,20,19,8,42,27.5,11.6,60.9,58,67,54.3
commons-crypto,46.0,2001,50,7,65,22,0,1,4,17,4.5,18.2,77.3,21,43,51.2
commons-fileupload,47.5,2079,60,14,59,19,4,0,9,10,0.0,47.4,52.6,27,44,41.3
sling-org-apache-sling-resourceresolver,22.3,955,58,7,97,35,3,3,9,23,8.6,25.7,65.7,16,65,68.6
commons-rng,51.2,1972,165,4,259,140,5,1,97,42,0.7,69.3,30.0,21,126,87.0
commons-logging,43.6,1935,71,48,43,4,0,0,2,2,0.0,50.0,50.0,19,39,17.4
commons-compress,167.2,6370,253,11,507,155,7,3,48,104,1.9,31.0,67.1,87,359,64.0
camel-quarkus-examples,19.8,566,45,14,124,2,0,0,2,0,0.0,100.0,0.0,29,122,6.5
velocity-engine,136.3,4479,202,146,849,26,0,0,6,20,0.0,23.1,76.9,30,823,46.4
commons-collections,151.9,4998,537,51,739,419,12,44,279,96,10.5,66.6,22.9,67,364,86.2
commons-dbcp,85.8,3515,76,9,79,41,1,1,5,35,2.4,12.2,85.4,26,39,61.2
activemq,348.6,12145,2564,168,3099,862,122,40,183,639,4.6,21.2,74.1,1534,2735,36.0
commons-exec,34.5,1626,36,3,43,16,0,0,5,11,0.0,31.2,68.8,17,27,48.5
harmony,43.8,956,3010,135,5556,1772,188,16,1521,235,0.9,85.8,13.3,1103,4026,61.6
maven-site-plugin,42.9,1604,35,1,136,28,3,0,26,2,0.0,92.9,7.1,6,124,82.4
harmony-classlib,274.5,7475,2956,121,5427,1967,290,42,689,1236,2.1,35.0,62.8,868,3831,69.4
activemq-artemis,358.9,11878,2414,160,3912,434,53,29,198,207,6.7,45.6,47.7,1820,3579,19.3
maven-mvnd,32.3,1379,28,1,278,21,1,1,12,8,4.8,57.1,38.1,6,258,77.8
geode,505.9,11318,3377,100,8465,1691,182,44,627,1020,2.6,37.1,60.3,1586,7085,51.6
sqoop,29.3,969,280,0,666,89,6,9,49,31,10.1,55.1,34.8,191,583,31.8
phoenix,140.1,4188,364,5,2520,236,6,6,160,70,2.5,67.8,29.7,123,2293,65.7
tinkerpop,536.3,21652,1102,35,2233,655,67,29,187,439,4.4,28.5,67.0,412,1718,61.4
commons-dbutils,36.2,1485,47,4,46,38,1,1,22,15,2.6,57.9,39.5,5,9,88.4
flink-kubernetes-operator,42.9,1012,185,16,365,126,8,4,75,47,3.2,59.5,37.3,43,247,74.6
commons-csv,70.9,3054,66,2,30,22,3,1,7,14,4.5,31.8,63.6,42,15,34.4
netbeans-mavenutils-nbm-maven-plugin,40.5,1835,35,2,60,25,2,0,8,17,0.0,32.0,68.0,8,37,75.8
zookeeper,93.0,2669,502,30,761,179,14,4,96,79,2.2,53.6,44.1,293,601,37.9
datasketches-java,89.7,3524,473,7,650,308,47,17,169,122,5.5,54.9,39.6,158,399,66.1
commons-lang,248.1,9068,470,25,544,381,66,9,213,159,2.4,55.9,41.7,64,274,85.6
tiles,52.2,1465,407,26,840,351,7,19,150,182,5.4,42.7,51.9,31,498,92.1
karaf-decanter,31.4,1194,104,1,148,80,22,0,40,40,0.0,50.0,50.0,23,91,77.7
sling-org-apache-sling-servlets-resolver,17.8,684,45,7,78,23,2,0,9,14,0.0,39.1,60.9,15,57,60.5
johnzon,33.0,1109,243,1,292,69,6,3,42,24,4.3,60.9,34.8,173,236,28.5
oozie,84.2,2412,656,44,1129,424,8,10,345,69,2.4,81.4,16.3,188,714,69.3
camel-k-runtime,107.6,2123,110,5,433,51,9,0,17,34,0.0,33.3,66.7,54,403,48.6
maven,554.2,15902,783,71,4930,506,34,28,240,238,5.5,47.4,47.0,206,4469,71.1
iceberg,293.9,7822,2115,113,3059,752,18,16,564,172,2.1,75.0,22.9,1250,2334,37.6
maven-scm,76.4,2339,538,30,818,399,44,7,297,95,1.8,74.4,23.8,109,467,78.5
commons-io,168.8,5938,283,41,327,227,15,3,145,79,1.3,63.9,34.8,15,134,93.8
commons-math,222.5,7366,823,29,1311,639,34,14,447,178,2.2,70.0,27.9,155,714,80.5
ws-axiom,185.2,5592,1256,60,1554,164,30,17,62,85,10.4,37.8,51.8,1032,1427,13.7
avro,150.2,4859,373,10,472,124,8,4,76,44,3.2,61.3,35.5,239,360,34.2
james-project,576.4,16944,3340,115,4883,1799,150,48,1249,502,2.7,69.4,27.9,1426,3302,55.8
incubator-seata,89.8,2398,1151,103,1716,852,35,11,252,589,1.3,29.6,69.1,196,902,81.3
commons-email,41.1,1952,61,15,45,38,2,0,26,12,0.0,68.4,31.6,8,9,82.6
ignite,1004.8,29716,6179,156,9882,1328,135,50,410,868,3.8,30.9,65.4,4695,9191,22.0
logging-log4j2,438.0,14624,1295,55,2040,792,97,36,318,438,4.5,40.2,55.3,448,1467,63.9
commons-cli,51.3,2110,108,1,97,48,1,0,31,17,0.0,64.6,35.4,59,50,44.9
incubator-kie-kogito-apps,72.0,1570,609,53,1603,382,17,8,308,66,2.1,80.6,17.3,174,1240,68.7
calcite-avatica,117.0,2870,290,23,1664,132,7,6,73,53,4.5,55.3,40.2,135,1542,49.4
incubator-tuweni,136.2,1492,147,1,377,93,0,0,77,16,0.0,82.8,17.2,53,284,63.7
commons-geometry,27.1,851,238,25,369,172,4,7,140,25,4.1,81.4,14.5,41,201,80.8
jclouds,367.1,10916,4496,36,8488,2745,497,125,2016,604,4.6,73.4,22.0,1716,6330,61.5
helix,155.9,4819,970,133,1448,199,4,6,101,92,3.0,50.8,46.2,638,1253,23.8
sling-org-apache-sling-launchpad-integration-tests,14.4,550,163,1,23,0,0,0,0,0,0.0,0.0,0.0,162,23,0.0
hadoop-hdfs,38.5,1134,239,2,351,47,0,0,22,25,0.0,46.8,53.2,190,304,19.8
maven-assembly-plugin,41.1,1413,58,6,358,44,1,0,25,19,0.0,56.8,43.2,8,315,84.6
commons-functor,28.5,900,235,5,205,162,5,4,121,37,2.5,74.7,22.8,68,48,70.4
commons-beanutils,69.1,2348,185,6,142,90,5,7,38,45,7.8,42.2,50.0,89,57,50.3
incubator-retired-tamaya,45.5,1575,307,6,756,194,28,23,44,127,11.9,22.7,65.5,107,597,64.5
cassandra,721.6,31508,2333,36,5440,1191,91,49,604,538,4.1,50.7,45.2,1106,4444,51.9
jackrabbit-oak,591.3,20613,3026,166,5037,1540,150,78,729,733,5.1,47.3,47.6,1320,3778,53.8
maven-wagon,40.8,1394,116,11,147,68,10,6,40,22,8.8,58.8,32.4,37,98,64.8
hbase,719.8,20805,2799,154,4100,916,23,39,589,288,4.3,64.3,31.4,1729,3211,34.6
commons-configuration,129.5,4629,234,14,303,157,1,1,132,24,0.6,84.1,15.3,63,147,71.4
cloudberry-pxf,48.2,1431,251,2,431,157,9,3,112,42,1.9,71.3,26.8,92,285,63.1
commons-numbers,105.4,1658,119,6,206,86,3,1,74,11,1.2,86.0,12.8,27,123,76.1
systemds,658.2,9068,1765,27,2516,226,22,66,95,65,29.2,42.0,28.8,1512,2318,13.0
maven-surefire,109.2,3524,365,23,1468,154,11,11,77,66,7.1,50.0,42.9,188,1328,45.0
pulsar,479.7,13867,1880,131,2945,909,70,21,495,393,2.3,54.5,43.2,840,2145,52.0
brooklyn-server,310.2,14472,1305,97,2141,580,83,16,237,327,2.8,40.9,56.4,628,1698,48.0
camel-spring-boot,1485.4,44522,13573,473,12106,3469,464,227,1410,1832,6.5,40.6,52.8,9631,10282,26.5
camel,3123.3,77754,15808,644,17912,4455,584,327,1906,2222,7.3,42.8,49.9,10709,15418,29.4
incubator-sentry,15.8,713,286,27,410,59,0,1,51,7,1.7,86.4,11.9,200,351,22.8
ftpserver,24.2,977,220,8,857,78,14,20,30,28,25.6,38.5,35.9,134,800,36.8
incubator-retired-tamaya-extensions,35.6,1618,376,7,872,213,23,16,81,116,7.5,38.0,54.5,156,688,57.7
santuario-xml-security-java,45.4,1790,275,13,642,92,7,2,57,33,2.2,62.0,35.9,170,560,35.1
qpid-jms,50.7,2449,468,21,451,161,14,1,53,107,0.6,32.9,66.5,286,314,36.0
mina,52.9,2411,327,24,1360,166,19,9,104,53,5.4,62.7,31.9,137,1217,54.8
commons-pool,60.1,3224,108,10,112,55,0,0,10,45,0.0,18.2,81.8,43,57,56.1
directmemory,13.2,642,80,15,146,28,4,6,11,11,21.4,39.3,39.3,37,123,43.1
shardingsphere-elasticjob,67.2,2475,769,33,885,421,34,20,245,156,4.8,58.2,37.1,315,525,57.2
santuario-java,76.3,2922,249,10,944,90,6,26,17,47,28.9,18.9,52.2,149,860,37.7
james-mime4j,24.3,996,218,5,504,138,21,9,95,34,6.5,68.8,24.6,75,392,64.8
james-jsieve,14.9,615,131,20,406,71,25,11,43,17,15.5,60.6,23.9,40,366,64.0
geronimo-xbean,27.8,1063,495,16,662,88,10,5,43,40,5.7,48.9,45.5,392,592,18.4
incubator-taverna-language,74.9,3560,158,5,392,51,2,3,19,29,5.9,37.3,56.9,102,343,33.3
aries-jax-rs-whiteboard,15.3,795,80,10,138,4,1,0,1,3,0.0,25.0,75.0,66,135,5.7
streams,72.5,1819,210,2,754,95,5,8,60,27,8.4,63.2,28.4,113,664,45.7
cassandra-java-driver,48.9,1925,462,42,1537,346,26,3,261,82,0.9,75.4,23.7,74,1260,82.4
creadur-rat,67.9,3439,227,26,417,164,15,8,104,52,4.9,63.4,31.7,37,271,81.6
maven-shared-utils,19.9,578,36,2,74,27,1,0,17,10,0.0,63.0,37.0,7,48,79.4
maven-2,116.7,5638,244,27,1198,156,6,1,86,69,0.6,55.1,44.2,61,1052,71.9
logging-flume,49.8,2014,520,30,922,272,6,4,220,48,1.5,80.9,17.6,218,668,55.5
commons-scxml,60.1,2130,91,5,154,39,0,2,12,25,5.1,30.8,64.1,47,115,45.3
commons-jexl,70.6,3825,130,2,303,29,7,2,12,15,6.9,41.4,51.7,99,281,22.7
jackrabbit,240.3,9420,1640,91,3927,437,67,65,123,249,14.9,28.1,57.0,1112,3583,28.2
commons-proxy,13.3,609,142,22,210,112,35,19,26,67,17.0,23.2,59.8,8,135,93.3
hadoop-mapreduce,28.2,960,577,5,1139,179,34,2,71,106,1.1,39.7,59.2,393,995,31.3
wink,24.8,895,482,12,949,106,7,4,76,26,3.8,71.7,24.5,364,857,22.6
aurora,100.1,4091,424,28,1010,353,7,13,266,74,3.7,75.4,21.0,44,665,89.1
mina-ftpserver,28.5,1061,220,8,858,78,14,20,30,28,25.6,38.5,35.9,134,801,36.8
opennlp,73.0,2379,620,65,2455,502,20,4,336,162,0.8,66.9,32.3,53,1985,90.5
ozone,299.7,9851,1573,118,3073,747,15,12,473,262,1.6,63.3,35.1,708,2342,51.3
maven-enforcer,21.7,978,68,8,94,55,13,0,30,25,0.0,54.5,45.5,5,56,91.7
maven-doxia,50.4,2020,133,11,545,96,14,7,46,43,7.3,47.9,44.8,26,464,78.7
accumulo,304.5,14604,724,12,3222,577,28,33,278,266,5.7,48.2,46.1,135,2681,81.0
uima-uimafit,19.5,1055,183,7,244,113,34,0,64,49,0.0,56.6,43.4,63,180,64.2
bookkeeper,106.0,3609,894,107,1866,451,18,7,317,127,1.6,70.3,28.2,336,1460,57.3
ratis,51.3,1892,252,16,591,54,0,3,17,34,5.6,31.5,63.0,182,537,22.9
phoenix-omid,34.5,1404,153,8,393,45,2,4,22,19,8.9,48.9,42.2,100,350,31.0
crunch,26.4,1093,137,4,683,97,7,3,44,50,3.1,45.4,51.5,36,593,72.9
maven-jar-plugin,12.9,609,7,2,69,4,1,0,2,2,0.0,50.0,50.0,1,66,80.0
ignite-3,214.3,6372,1782,121,6735,1040,76,40,634,366,3.8,61.0,35.2,621,5806,62.6
maven-release,31.3,1261,88,8,189,68,0,2,43,23,2.9,63.2,33.8,12,121,85.0
incubator-kie-optaplanner,391.7,9039,974,70,3194,488,30,26,262,200,5.3,53.7,41.0,416,2740,54.0
maven-dependency-plugin,44.2,1455,68,11,127,33,0,0,16,17,0.0,48.5,51.5,24,94,57.9
shenyu,145.8,3733,1312,43,2857,1106,70,19,224,863,1.7,20.3,78.0,163,1842,87.2
apex-malhar,136.8,6097,1035,188,1918,547,26,31,353,163,5.7,64.5,29.8,300,1408,64.6
uniffle,41.8,1463,362,31,708,204,8,4,163,37,2.0,79.9,18.1,127,512,61.6
parquet-java,68.3,2840,336,10,784,160,5,4,96,60,2.5,60.0,37.5,166,629,49.1
tomcat,648.6,27933,829,17,3393,311,12,6,51,254,1.9,16.4,81.7,501,3099,38.3
poi,375.5,13644,1612,19,4436,794,18,40,391,363,5.0,49.2,45.7,799,3664,49.8
commons-imaging,77.6,3086,203,25,425,97,1,0,10,87,0.0,10.3,89.7,81,329,54.5
jclouds-labs,60.8,1980,1670,12,3280,1013,226,20,872,121,2.0,86.1,11.9,645,2501,61.1
kafka,474.2,16748,2069,192,4132,1419,48,30,939,450,2.1,66.2,31.7,458,2773,75.6
shindig,133.8,4786,482,42,961,373,9,7,271,95,1.9,72.7,25.5,67,598,84.8
camel-quarkus,375.1,7025,581,48,3745,53,5,6,25,22,11.3,47.2,41.5,480,3704,9.9
metron,49.9,1453,427,21,1181,335,10,9,219,107,2.7,65.4,31.9,71,857,82.5
directory-server,295.8,10280,588,53,3285,257,18,20,97,140,7.8,37.7,54.5,282,3051,48.0
whirr,14.0,569,106,11,183,51,1,0,38,13,0.0,74.5,25.5,44,134,53.7
orc,74.5,2061,165,3,383,91,1,1,71,19,1.1,78.0,20.9,71,293,56.2
sentry,41.2,1542,479,45,638,95,0,4,68,23,4.2,71.6,24.2,339,543,21.9
atlas,128.5,4032,572,25,1698,421,31,6,123,292,1.4,29.2,69.4,126,1309,77.0
mina-vysper,19.7,779,272,188,555,45,1,6,28,11,13.3,62.2,24.4,39,513,53.6
druid,531.8,15503,3453,230,7027,2411,131,54,1440,917,2.2,59.7,38.0,813,4791,74.8
hadoop-common,360.6,10509,2562,146,4495,933,112,22,412,499,2.4,44.2,53.5,1483,3692,38.6
incubator-retired-htrace,12.1,605,40,3,79,22,2,0,12,10,0.0,54.5,45.5,15,59,59.5
brooklyn-library,79.4,3811,191,17,560,80,15,5,29,46,6.2,36.2,57.5,94,507,46.0
falcon,67.0,2227,288,15,936,140,5,7,90,43,5.0,64.3,30.7,133,802,51.3
commons-vfs,114.1,4536,240,44,372,72,4,0,27,45,0.0,37.5,62.5,124,305,36.7
sling-org-apache-sling-feature-cpconverter,11.7,584,49,4,101,34,2,1,20,13,2.9,58.8,38.2,11,69,75.6
commons-net,82.5,4138,114,7,461,92,17,2,24,66,2.2,26.1,71.7,15,388,86.0
rave,44.2,1555,242,9,609,224,2,2,138,84,0.9,61.6,37.5,9,387,96.1
lucene,1180.1,38764,3955,45,9855,2270,176,141,1402,727,6.2,61.8,32.0,1640,7823,58.1
httpcomponents-client,91.7,3900,487,26,985,240,6,12,138,90,5.0,57.5,37.5,221,751,52.1
incubator-brooklyn,228.2,13002,934,67,2062,422,50,18,175,229,4.3,41.5,54.3,445,1716,48.7
hadoop,981.0,28052,5796,428,10566,1974,104,39,1221,714,2.0,61.9,36.2,3394,8715,36.8
solr,1211.7,38587,3944,45,9859,2246,187,132,1338,776,5.9,59.6,34.6,1653,7866,57.6
flink,1486.7,37337,7066,612,17116,3791,293,222,2047,1522,5.9,54.0,40.1,2667,13830,58.7
shardingsphere,1352.7,47488,5428,175,14054,3412,234,311,1021,2080,9.1,29.9,61.0,1841,10951,65.0
beam,1131.7,46211,2936,112,6089,2161,126,72,1512,577,3.3,70.0,26.7,663,4159,76.5
tomcat-maven-plugin,15.6,625,2,0,145,2,0,0,0,2,0.0,0.0,100.0,0,143,100.0
maven-compiler-plugin,24.7,1005,13,3,330,6,2,0,3,3,0.0,50.0,50.0,4,327,60.0
sandesha,24.9,884,110,3,369,41,18,10,18,13,24.4,43.9,31.7,66,347,38.3
fory,52.9,1646,197,11,431,130,8,0,92,38,0.0,70.8,29.2,56,311,69.9
incubator-atlas,53.3,1739,245,19,735,144,17,2,76,66,1.4,52.8,45.8,82,609,63.7
maven-indexer,18.4,681,80,9,228,27,0,0,26,1,0.0,96.3,3.7,44,201,38.0
maven-resolver,48.4,1495,260,37,707,149,5,8,92,49,5.4,61.7,32.9,74,563,66.8
etch,19.7,549,107,4,345,68,0,0,66,2,0.0,97.1,2.9,35,277,66.0
httpcomponents-core,131.0,4064,420,20,1115,226,7,12,95,119,5.3,42.0,52.7,174,896,56.5
ranger,169.6,5152,585,12,1670,462,8,4,59,399,0.9,12.8,86.4,111,1217,80.6
qpid-protonj2,72.1,2372,337,15,1069,180,9,3,45,132,1.7,25.0,73.3,142,898,55.9
hudi,242.6,6877,1210,146,2992,576,21,14,295,267,2.4,51.2,46.4,488,2457,54.1
zeppelin,163.8,5595,383,22,968,264,20,4,163,97,1.5,61.7,36.7,97,730,73.1
axis-axis1-java,381.8,13229,693,96,3767,151,31,24,37,90,15.9,24.5,59.6,446,3664,25.3
paimon,238.9,5184,898,96,3290,571,33,25,348,198,4.4,60.9,34.7,231,2759,71.2
ant,434.3,15054,680,18,3301,498,205,62,81,355,12.4,16.3,71.3,164,3026,75.2
incubator-hivemall,48.8,2037,187,5,582,179,5,6,111,62,3.4,62.0,34.6,3,408,98.4
maven-changes-plugin,22.4,822,20,3,61,15,0,0,8,7,0.0,53.3,46.7,2,46,88.2
deltaspike,79.0,2693,1100,41,1052,187,19,34,50,103,18.2,26.7,55.1,872,951,17.7
creadur-whisker,23.2,1168,54,0,178,17,2,0,3,14,0.0,17.6,82.4,37,168,31.5
directory-mavibot,17.1,581,54,0,159,48,4,3,15,30,6.2,31.2,62.5,6,123,88.9
ddlutils,23.5,741,97,3,233,39,2,0,5,34,0.0,12.8,87.2,55,197,41.5
tomee,544.5,15934,2334,66,6182,651,74,60,278,313,9.2,42.7,48.1,1617,5665,28.7
axis-axis2-java-core,481.6,15152,1465,27,5625,533,84,70,139,324,13.1,26.1,60.8,905,5207,37.1
kylin,91.9,958,929,53,3116,716,38,15,624,77,2.1,87.2,10.8,160,2455,81.7
rocketmq-externals,39.7,1006,227,17,982,160,8,4,107,49,2.5,66.9,30.6,50,831,76.2
sedona,165.2,2339,203,16,1056,89,9,3,57,29,3.4,64.0,32.6,98,978,47.6
openwebbeans-meecrowave,23.4,738,80,1,187,26,2,5,15,6,19.2,57.7,23.1,53,166,32.9
sling-org-apache-sling-engine,16.6,650,32,2,106,25,0,0,12,13,0.0,48.0,52.0,5,81,83.3
ws-wss4j,105.2,3286,302,7,824,96,30,2,34,60,2.1,35.4,62.5,200,765,32.5
myfaces-extval,17.9,519,314,170,437,2,0,0,0,2,0.0,0.0,100.0,142,435,1.4
xmlbeans,79.5,2017,731,9,2362,168,25,22,18,128,13.1,10.7,76.2,554,2231,23.3
sling-org-apache-sling-jcr-resource,20.2,770,37,6,73,27,2,3,11,13,11.1,40.7,48.1,4,48,87.1
ambari-metrics,21.7,712,93,9,231,53,0,1,40,12,1.9,75.5,22.6,31,178,63.1
sling-org-apache-sling-app-cms,33.4,1076,81,4,239,71,1,0,47,24,0.0,66.2,33.8,6,169,92.2
struts,260.4,8154,1053,54,2277,640,75,35,398,207,5.5,62.2,32.3,359,1758,64.1
ratis-hadoop-projects,44.7,1269,197,9,514,46,0,2,14,30,4.3,30.4,65.2,142,468,24.5
submarine,39.9,1051,177,15,561,91,4,1,68,22,1.1,74.7,24.2,71,476,56.2
commons-ognl,23.4,994,142,1,239,71,2,59,11,1,83.1,15.5,1.4,70,170,50.4
camel-karaf,69.1,1793,395,17,415,26,0,5,21,0,19.2,80.8,0.0,352,389,6.9
commons-jcs,80.5,2835,225,24,653,133,14,21,50,62,15.8,37.6,46.6,68,554,66.2
commons-jxpath,37.6,1498,67,4,196,11,0,0,3,8,0.0,27.3,72.7,52,185,17.5
maven-checkstyle-plugin,20.7,831,20,1,73,11,1,0,6,5,0.0,54.5,45.5,8,63,57.9
maven-shade-plugin,19.9,749,27,1,154,23,2,0,11,12,0.0,47.8,52.2,3,133,88.5
flink-connector-kafka,32.0,972,147,20,275,70,3,0,51,19,0.0,72.9,27.1,57,210,55.1
maven-shared,89.2,3387,249,26,747,190,0,0,134,56,0.0,70.5,29.5,33,557,85.2
accumulo-fluo,22.1,1031,50,5,356,38,0,0,16,22,0.0,42.1,57.9,7,318,84.4
olingo-odata2,35.1,942,378,24,1371,186,9,12,144,30,6.5,77.4,16.1,168,1194,52.5
metamodel,27.3,893,217,21,641,158,2,1,133,24,0.6,84.2,15.2,38,485,80.6
polaris,71.1,2243,296,20,1001,161,10,3,114,44,1.9,70.8,27.3,115,850,58.3
stormcrawler,58.3,2398,86,6,217,46,3,1,14,31,2.2,30.4,67.4,34,174,57.5
sling-org-apache-sling-scripting-core,16.1,532,26,4,81,19,0,0,7,12,0.0,36.8,63.2,3,62,86.4
commons-weaver,19.4,749,18,2,100,8,0,0,6,2,0.0,75.0,25.0,8,92,50.0
gravitino,119.7,3327,712,35,2501,411,6,9,246,156,2.2,59.9,38.0,266,2097,60.7
incubator-retired-tamaya-sandbox,13.8,527,152,5,483,71,3,8,36,27,11.3,50.7,38.0,76,418,48.3
sling-org-apache-sling-api,17.2,725,52,0,169,48,4,0,31,17,0.0,64.6,35.4,4,128,92.3
samza,75.8,2610,588,77,1251,334,7,16,257,61,4.8,76.9,18.3,177,924,65.4
pinot,518.3,14399,2055,109,7105,1402,79,52,769,581,3.7,54.9,41.4,544,5806,72.0
aries-rsa,32.5,1052,168,12,292,85,4,11,43,31,12.9,50.6,36.5,71,212,54.5
ambari,894.7,25087,1384,41,4827,1118,35,33,703,382,3.0,62.9,34.2,225,3755,83.2
incubator-ambari,155.7,3673,275,9,915,230,6,5,134,91,2.2,58.3,39.6,36,691,86.5
knox,111.1,3041,534,36,1316,362,11,12,249,101,3.3,68.8,27.9,136,969,72.7
tika,296.0,9919,595,34,1831,409,57,26,241,142,6.4,58.9,34.7,152,1491,72.9
oltu,21.6,860,69,19,278,45,2,0,32,13,0.0,71.1,28.9,5,235,90.0
gobblin,165.3,6523,1020,61,3018,759,27,26,474,259,3.4,62.5,34.1,200,2290,79.1
sling-org-apache-sling-distribution-core,18.1,538,87,2,258,83,0,1,52,30,1.2,62.7,36.1,2,175,97.6
sling-slingfeature-maven-plugin,19.5,781,23,2,64,15,0,0,5,10,0.0,33.3,66.7,6,49,71.4
commons-bcel,104.3,3261,205,6,452,100,3,0,3,97,0.0,3.0,97.0,99,360,50.3
bifromq,41.5,705,652,55,1579,386,30,9,292,85,2.3,75.6,22.0,211,1250,64.7
axis-axis2-java-sandesha,29.1,884,110,3,369,41,18,10,18,13,24.4,43.9,31.7,66,347,38.3
servicemix3,105.1,2968,553,25,1569,198,17,7,134,57,3.5,67.7,28.8,330,1394,37.5
tuscany-sdo,17.7,530,166,75,204,1,0,1,0,0,100.0,0.0,0.0,90,203,1.1
qpid-broker-j,341.9,9311,1675,94,5260,885,80,107,421,357,12.1,47.6,40.3,696,4495,56.0
apex-core,144.7,6122,190,5,548,93,7,10,30,53,10.8,32.3,57.0,92,463,50.3
hertzbeat,150.4,2696,327,2,1099,273,16,2,89,182,0.7,32.6,66.7,52,843,84.0
directory-ldap-api,240.2,6475,883,19,3780,692,108,31,315,346,4.5,45.5,50.0,172,3339,80.1
felix-dev,545.0,17589,1585,174,8149,664,89,144,265,255,21.7,39.9,38.4,761,7623,47.1
maven-plugins,478.7,15063,719,61,2156,364,28,23,165,176,6.3,45.3,48.4,294,1856,55.3
rocketmq,221.6,8969,685,29,2139,537,37,15,176,346,2.8,32.8,64.4,120,1652,81.9
maven-war-plugin,24.5,821,38,2,41,11,1,0,3,8,0.0,27.3,72.7,25,31,30.6
commons-graph,28.0,915,53,27,203,8,0,0,8,0,0.0,100.0,0.0,18,195,30.8
chukwa,40.8,854,142,4,445,49,0,0,37,12,0.0,75.5,24.5,89,396,35.5
cxf-fediz,80.5,2372,101,8,462,23,5,4,5,14,17.4,21.7,60.9,70,445,24.7
sling-whiteboard,85.8,1901,297,22,1141,189,5,2,126,61,1.1,66.7,32.3,86,961,68.7
plc4x-extras,17.4,574,28,0,135,21,0,0,21,0,0.0,100.0,0.0,7,114,75.0
opennlp-sandbox,39.8,830,155,11,809,114,7,3,45,66,2.6,39.5,57.9,30,702,79.2
onami,24.9,744,214,51,403,26,2,2,23,1,7.7,88.5,3.8,137,379,16.0
maven-project-info-reports-plugin,31.7,1105,57,3,46,28,2,0,15,13,0.0,53.6,46.4,26,20,51.9
openwebbeans,162.8,4246,1218,77,976,92,13,15,21,56,16.3,22.8,60.9,1049,900,8.1
logging-log4j1,105.8,3237,111,1,902,70,3,8,19,43,11.4,27.1,61.4,40,835,63.6
servicemix4-nmr,21.4,678,62,7,317,36,1,2,22,12,5.6,61.1,33.3,19,282,65.5
commons-chain,20.6,715,50,35,143,6,1,4,1,1,66.7,16.7,16.7,9,138,40.0
pig,161.9,3767,633,8,2078,50,0,3,37,10,6.0,74.0,20.0,575,2028,8.0
servicemix4-features,34.3,1085,57,3,151,20,1,5,3,12,25.0,15.0,60.0,34,135,37.0
bval,39.1,1418,234,10,486,50,4,0,40,10,0.0,80.0,20.0,174,442,22.3
drill,232.9,4566,1141,46,4449,236,9,8,160,68,3.4,67.8,28.8,859,4228,21.6
servicecomb-java-chassis,201.6,4646,1249,54,3329,789,31,28,562,199,3.5,71.2,25.2,407,2580,66.0
hop,480.0,8669,2531,49,7048,1895,273,31,1635,229,1.6,86.3,12.1,587,5518,76.3
jena,461.3,12603,3016,252,7745,752,39,45,526,181,6.0,69.9,24.1,2012,7035,27.2
freemarker,107.6,2561,254,8,719,73,7,4,25,44,5.5,34.2,60.3,173,660,29.7
maven-artifact,15.3,610,45,8,156,24,0,0,12,12,0.0,50.0,50.0,13,132,64.9
nifi,594.1,11341,2527,179,8966,1792,46,14,1387,391,0.8,77.4,21.8,556,7236,76.3
eagle,43.1,1050,453,21,1775,207,8,5,105,97,2.4,50.7,46.9,225,1576,47.9
oodt,81.3,2251,384,30,1863,289,42,14,173,102,4.8,59.9,35.3,65,1616,81.6
incubator-hugegraph,90.2,2067,344,1,1553,185,25,25,37,123,13.5,20.0,66.5,158,1397,53.9
flink-connector-hive,30.7,782,64,4,304,31,1,2,16,13,6.5,51.6,41.9,29,275,51.7
cayenne,282.0,7453,1730,198,3890,567,49,32,386,149,5.6,68.1,26.3,965,3388,37.0
curator,86.0,2879,207,10,716,69,3,5,49,15,7.2,71.0,21.7,128,652,35.0
wicket,732.6,22103,2402,143,4974,1092,154,112,351,629,10.3,32.1,57.6,1168,4375,48.3
commons-jci,23.1,1073,38,24,80,0,0,0,0,0,0.0,0.0,0.0,14,80,0.0
tsfile,48.3,1401,378,16,1236,222,38,22,156,44,9.9,70.3,19.8,140,1060,61.3
mina-sshd,110.6,3116,385,25,1185,223,17,9,84,130,4.0,37.7,58.3,137,983,61.9
amoro,118.2,1768,909,101,2162,228,16,5,164,59,2.2,71.9,25.9,580,1953,28.2
jspwiki,303.3,9682,587,3,1627,401,74,58,202,141,14.5,50.4,35.2,183,1304,68.7
camel-examples,106.4,2780,148,2,658,34,5,1,21,12,2.9,61.8,35.3,112,631,23.3
incubator-kie-kogito-runtimes,1015.3,20939,4030,259,16196,1723,156,186,846,691,10.8,49.1,40.1,2048,14796,45.7
derby,336.7,8269,538,3,2838,82,3,13,20,49,15.9,24.4,59.8,453,2760,15.3
uima-ruta,107.5,2619,263,4,2789,67,5,4,23,40,6.0,34.3,59.7,192,2728,25.9
tez,114.6,3063,330,21,1285,175,4,5,82,88,2.9,46.9,50.3,134,1114,56.6
lens,70.5,2449,237,20,788,90,2,2,59,29,2.2,65.6,32.2,127,700,41.5
flink-statefun,33.6,823,128,2,692,98,8,3,68,27,3.1,69.4,27.6,28,602,77.8
velocity-tools,52.9,1857,49,4,283,25,3,0,6,19,0.0,24.0,76.0,20,261,55.6
continuum,144.0,4870,232,35,781,114,6,2,57,55,1.8,50.0,48.2,83,673,57.9
incubator-retired-edgent,37.6,1398,98,12,374,34,2,0,27,7,0.0,79.4,20.6,52,343,39.5
dubbo-spi-extensions,18.0,630,535,59,1105,252,18,45,170,37,17.9,67.5,14.7,224,901,52.9
datafu,16.9,637,78,2,183,18,1,1,16,1,5.6,88.9,5.6,58,166,23.7
commons-digester,73.1,2947,132,54,353,23,5,8,1,14,34.8,4.3,60.9,55,336,29.5
gora,35.8,1422,177,15,495,69,5,1,56,12,1.4,81.2,17.4,93,433,42.6
tomcat80,474.2,15944,413,12,2667,203,8,3,24,176,1.5,11.8,86.7,198,2474,50.6
incubator-heron,129.7,3308,279,9,1373,228,17,18,157,53,7.9,68.9,23.2,42,1165,84.4
openjpa,202.2,5394,3231,71,2007,171,21,57,39,75,33.3,22.8,43.9,2989,1904,5.4
maven-archetype,39.1,1432,42,2,258,34,5,2,20,12,5.9,58.8,35.3,6,229,85.0
rocketmq-clients,57.2,1274,89,4,591,78,1,1,21,56,1.3,26.9,71.8,7,514,91.8
archiva,342.4,8785,911,129,1985,487,31,20,297,170,4.1,61.0,34.9,295,1573,62.3
tuscany-sca-2.x,660.7,16253,4265,2507,11429,646,99,346,50,250,53.6,7.7,38.7,1120,11207,36.7
incubator-kie-tools,1479.0,23597,8973,444,29041,5615,302,235,3520,1860,4.2,62.7,33.1,2914,23938,65.8
ant-ivy,118.9,3096,152,5,573,125,4,3,67,55,2.4,53.6,44.0,22,452,85.0
usergrid,357.1,10954,632,50,2637,299,31,23,141,135,7.7,47.2,45.2,283,2371,51.4
flink-cdc,124.5,1439,366,49,1203,188,5,4,94,90,2.1,50.0,47.9,129,1020,59.3
cxf-dosgi,30.5,810,154,12,225,71,3,8,35,28,11.3,49.3,39.4,71,157,50.0
servicecomb-saga-actuator,16.9,518,61,4,170,48,2,1,17,30,2.1,35.4,62.5,9,127,84.2
tapestry4,221.0,3793,395,6,2670,299,5,10,171,118,3.3,57.2,39.5,90,2376,76.9
maven-mercury,35.2,769,128,6,625,62,6,3,35,24,4.8,56.5,38.7,60,573,50.8
nutch,115.7,3545,180,3,983,138,3,2,80,56,1.4,58.0,40.6,39,848,78.0
ace,74.1,1603,243,21,1421,149,35,25,44,80,16.8,29.5,53.7,73,1328,67.1
dubbo,329.1,8634,2251,223,3923,1143,127,119,401,623,10.4,35.1,54.5,910,3025,56.4
seatunnel,336.4,5220,685,28,4357,364,16,13,147,204,3.6,40.4,56.0,293,4011,55.4
joshua,143.6,4256,107,4,861,61,12,5,20,36,8.2,32.8,59.0,42,814,59.2
wookie,57.9,1921,85,8,419,48,1,4,23,21,8.3,47.9,43.8,29,372,62.3
incubator-baremaps,64.9,1541,218,4,973,174,11,27,81,66,15.5,46.6,37.9,40,814,81.3
iotdb,855.5,13252,1698,90,9640,963,64,62,559,342,6.4,58.0,35.5,645,8758,59.9
jackrabbit-filevault,51.2,1197,85,2,655,65,1,0,48,17,0.0,73.8,26.2,18,591,78.3
turbine-core,64.7,2176,91,0,702,56,5,3,13,40,5.4,23.2,71.4,35,652,61.5
shiro,116.7,4389,201,16,1226,152,13,22,50,80,14.5,32.9,52.6,33,1087,82.2
cxf,759.9,19148,3943,168,5252,1177,89,144,591,442,12.2,50.2,37.6,2598,4444,31.2
hive,1344.7,17964,3040,152,11739,1368,53,19,1016,333,1.4,74.3,24.3,1520,10791,47.4
incubator-kie-drools,715.9,17605,3417,183,12756,1625,163,186,746,693,11.4,45.9,42.6,1609,11474,50.2
dolphinscheduler,423.2,8798,891,31,3069,652,33,42,384,226,6.4,58.9,34.7,208,2460,75.8
axis-axis2-java-rampart,19.7,1197,66,6,312,26,1,15,5,6,57.7,19.2,23.1,34,297,43.3
myfaces-scripting,20.8,863,82,6,691,40,7,12,6,22,30.0,15.0,55.0,37,659,52.6
maven-plugin-tools,22.8,1389,55,2,232,28,0,0,19,9,0.0,67.9,32.1,25,204,52.8
logging-log4j-tools,12.5,579,26,2,99,11,0,1,3,7,9.1,27.3,63.6,13,88,45.8
maven-javadoc-plugin,32.6,1536,67,2,356,15,4,2,5,8,13.3,33.3,53.3,50,347,23.1
qpid-proton-j,62.9,3219,130,10,666,73,2,2,16,55,2.7,21.9,75.3,47,595,60.8
incubator-taverna-mobile,17.1,699,19,0,163,10,2,0,1,9,0.0,10.0,90.0,9,155,52.6
ode,98.6,3823,238,12,2231,68,9,4,39,25,5.9,57.4,36.8,158,2175,30.1
dubbo-samples,65.8,1771,40,0,2252,14,3,5,6,3,35.7,42.9,21.4,26,2241,35.0
clerezza,89.0,2341,284,6,1076,114,7,3,92,19,2.6,80.7,16.7,164,971,41.0
pdfbox,210.9,12821,323,11,1713,193,9,7,46,140,3.6,23.8,72.5,119,1533,61.9
sling-ide-tooling,17.0,901,48,3,363,29,0,0,17,12,0.0,58.6,41.4,16,334,64.4
ambari-logsearch,29.8,656,77,1,737,68,2,3,38,27,4.4,55.9,39.7,8,671,89.5
mnemonic,13.1,784,37,2,160,15,2,0,12,3,0.0,80.0,20.0,20,147,42.9
chemistry-opencmis,64.5,2234,181,19,1292,55,4,6,26,23,10.9,47.3,41.8,107,1242,34.0
myfaces-extcdi,26.2,1136,195,15,634,29,3,3,9,17,10.3,31.0,58.6,151,609,16.1
xmlgraphics-fop,258.3,8640,443,309,2749,16,2,2,6,8,12.5,37.5,50.0,118,2735,11.9
syncope,339.4,9112,418,50,5510,250,47,41,58,151,16.4,23.2,60.4,118,5363,67.9
roller,182.6,4786,181,7,1603,81,14,20,23,38,24.7,28.4,46.9,93,1537,46.6
hama,36.8,1595,158,4,707,89,2,3,64,22,3.4,71.9,24.7,65,623,57.8
incubator-taverna-common-activities,16.3,855,49,2,292,34,3,2,25,7,5.9,73.5,20.6,13,261,72.3
geronimo,482.6,13137,1483,196,9306,687,77,87,299,301,12.7,43.5,43.8,600,8750,53.4
incubator-hugegraph-toolchain,28.1,684,125,0,578,45,5,3,21,21,6.7,46.7,46.7,80,540,36.0
incubator-tez,24.0,778,136,5,889,70,0,1,43,26,1.4,61.4,37.1,61,819,53.4
linkis,353.7,4272,435,8,2510,272,7,5,32,235,1.8,11.8,86.4,155,2246,63.7
incubator-wayang,162.4,2782,176,15,1070,115,3,9,65,41,7.8,56.5,35.7,47,960,71.4
accumulo-proxy,23.2,639,10,0,70,2,0,1,0,1,50.0,0.0,50.0,8,68,20.0
servicecomb-pack,39.2,1684,184,8,617,116,5,5,53,58,4.3,45.7,50.0,60,509,65.9
giraph,38.3,1138,193,4,1493,79,3,0,60,19,0.0,75.9,24.1,110,1419,41.8
tuscany-sca-1.x,462.1,10863,3222,1949,8891,438,65,265,40,133,60.5,9.1,30.4,840,8724,34.4
pivot,125.5,4660,139,1,1167,102,12,5,15,82,4.9,14.7,80.4,36,1077,73.9
openmeetings,113.1,3803,126,7,939,16,1,0,4,12,0.0,25.0,75.0,103,924,13.4
myfaces,212.4,6431,542,166,2504,192,11,15,72,105,7.8,37.5,54.7,185,2341,51.1
tajo,112.0,2275,434,27,2265,212,9,13,149,50,6.1,70.3,23.6,195,2062,52.1
dubbo-integration-cases,62.1,1585,33,0,1974,11,1,5,5,1,45.5,45.5,9.1,22,1964,33.3
commons-jelly,60.5,2517,146,9,663,23,0,0,5,18,0.0,21.7,78.3,114,640,16.8
calcite,344.2,6379,449,19,2527,209,9,8,102,99,3.8,48.8,47.4,221,2329,48.6
rampart,21.2,1041,66,6,312,26,1,15,5,6,57.7,19.2,23.1,34,297,43.3
olingo-odata4,128.1,1948,1297,13,2533,227,39,15,73,139,6.6,32.2,61.2,1057,2369,17.7
xmlgraphics-commons,13.4,662,84,68,346,8,0,0,3,5,0.0,37.5,62.5,8,338,50.0
incubator-retired-blur,144.6,5242,281,5,1463,185,17,9,75,101,4.9,40.5,54.6,91,1304,67.0
qpid-jms-amqp-0-x,253.9,7631,1251,86,4642,632,60,91,282,259,14.4,44.6,41.0,533,4090,54.2
marmotta,98.1,2276,259,25,1613,75,6,10,40,25,13.3,53.3,33.3,159,1545,32.1
netbeans,1354.5,11752,7252,144,33036,3581,243,59,3245,277,1.6,90.6,7.7,3527,30040,50.4
struts-sandbox,65.2,1878,322,14,2703,136,5,25,57,54,18.4,41.9,39.7,172,2597,44.2
storm,218.5,11265,447,27,2383,286,10,19,140,127,6.6,49.0,44.4,134,2120,68.1
incubator-nemo,35.8,645,93,2,717,76,4,5,39,32,6.6,51.3,42.1,15,645,83.5
stanbol,141.1,3404,391,42,3222,199,22,16,127,56,8.0,63.8,28.1,150,3049,57.0
skywalking-java,476.8,7115,1529,266,10040,796,60,54,424,318,6.8,53.3,39.9,467,9343,63.0
synapse,162.5,4359,1298,101,6204,511,67,60,330,121,11.7,64.6,23.7,686,5864,42.7
causeway,1648.1,29622,3644,123,17993,1499,280,266,594,639,17.7,39.6,42.6,2027,17078,42.6
dubbo-hessian-lite,68.2,2546,859,76,1195,355,18,42,95,218,11.8,26.8,61.4,428,884,45.3
portals-pluto,108.8,2991,283,33,2700,38,1,6,4,28,15.8,10.5,73.7,212,2663,15.2
uima-uimaj,270.3,9055,719,12,3155,327,75,24,193,110,7.3,59.0,33.6,380,2926,46.3
commons-bsf,14.8,1009,42,10,194,11,1,1,0,10,9.1,0.0,90.9,21,184,34.4
jmeter,445.7,18485,561,17,2402,328,93,41,86,201,12.5,26.2,61.3,216,2167,60.3
maven-ear-plugin,12.4,701,18,2,63,13,0,0,9,4,0.0,69.2,30.8,3,50,81.2
juddi-scout,10.1,557,71,2,227,14,3,0,0,14,0.0,0.0,100.0,55,216,20.3
pekko-platform-guide,20.9,894,0,0,177,0,0,0,0,0,0.0,0.0,0.0,0,0,0.0
polygene-sandbox,13.8,692,81,1,367,16,3,5,9,2,31.2,56.2,12.5,64,355,20.0
directory-scimple,29.3,2337,71,3,315,60,13,15,16,29,25.0,26.7,48.3,8,276,88.2
aries,166.4,6552,1028,55,2467,294,50,24,111,159,8.2,37.8,54.1,679,2233,30.2
asterixdb-hyracks,163.8,2594,718,117,6239,118,17,15,52,51,12.7,44.1,43.2,483,6178,19.6
archiva-redback-core,28.8,1115,98,18,449,54,3,2,46,6,3.7,85.2,11.1,26,399,67.5
polygene-java,255.0,5820,1452,69,5471,583,114,166,189,228,28.5,32.4,39.1,800,5084,42.2
directory-kerby,78.2,2720,313,15,2773,78,7,3,28,47,3.8,35.9,60.3,220,2704,26.2
skywalking,864.8,8389,1446,259,10026,768,58,64,394,310,8.3,51.3,40.4,419,9345,64.7
abdera,32.3,1500,138,15,811,41,2,7,15,19,17.1,36.6,46.3,82,773,33.3
incubator-tajo,47.2,1192,246,12,1233,142,8,11,96,35,7.7,67.6,24.6,92,1099,60.7
james-jspf,14.2,751,53,6,254,21,4,5,5,11,23.8,23.8,52.4,26,237,44.7
karaf,214.8,9846,363,18,1953,181,10,5,80,96,2.8,44.2,53.0,164,1782,52.5
myfaces-tobago,569.8,13809,243,58,2807,145,8,8,44,93,5.5,30.3,64.1,63,2670,78.4
cloudstack,1208.3,38271,1332,52,10016,1084,29,31,520,533,2.9,48.0,49.2,196,8963,84.7
doris,3080.8,28842,1467,38,6371,1081,36,33,642,406,3.1,59.4,37.6,348,5331,75.6
inlong,3619.5,5193,979,40,5669,677,18,24,472,181,3.5,69.7,26.7,262,5012,72.1
chainsaw,27.2,934,13,0,249,9,1,0,5,4,0.0,55.6,44.4,4,241,69.2
xmlgraphics-batik,135.5,3601,191,16,2353,40,5,13,5,22,32.5,12.5,55.0,135,2324,22.9
ofbiz-plugins,146.4,4594,3,0,372,0,0,0,0,0,0.0,0.0,0.0,3,372,0.0
struts1,157.7,5272,307,3,2063,278,117,248,11,19,89.2,4.0,6.8,26,1907,91.4
guacamole-client,155.0,7154,19,0,1070,18,0,1,8,9,5.6,44.4,50.0,1,1052,94.7
tapestry-5,189.0,5851,1679,30,2340,461,34,12,320,129,2.6,69.4,28.0,1188,1973,28.0
directory-fortress-core,62.3,2108,93,3,321,26,0,8,13,5,30.8,50.0,19.2,64,295,28.9
airavata-data-lake,9.7,545,1,0,266,0,0,0,0,0,0.0,0.0,0.0,1,266,0.0
geronimo-specs,62.9,1900,227,7,4273,173,1,0,134,39,0.0,77.5,22.5,47,4102,78.6
james-hupa,23.3,727,47,11,552,24,0,8,8,8,33.3,33.3,33.3,12,528,66.7
ant-ivyde,23.9,849,13,0,280,3,0,0,3,0,0.0,100.0,0.0,10,277,23.1
juddi,95.8,2997,378,7,2410,290,7,82,134,74,28.3,46.2,25.5,81,2127,78.2
tomcat-taglibs-standard,29.5,1009,49,2,543,32,2,1,4,27,3.1,12.5,84.4,15,513,68.1
seatunnel-web,64.5,2329,123,7,1720,64,5,3,33,28,4.7,51.6,43.8,52,1661,55.2
streampipes,379.8,11584,503,10,5903,265,12,11,149,105,4.2,56.2,39.6,228,5653,53.8
eventmesh,150.9,4841,330,11,2045,252,17,22,115,115,8.7,45.6,45.6,67,1810,79.0
airavata,389.3,10829,408,14,4627,187,21,24,60,103,12.8,32.1,55.1,207,4473,47.5
geronimo-devtools,61.8,1981,45,0,1944,11,2,2,4,5,18.2,36.4,45.5,34,1938,24.4
geronimo-gshell,52.4,1691,90,8,802,61,1,7,34,20,11.5,55.7,32.8,21,742,74.4
lenya,300.9,10657,123,20,2187,84,15,24,3,57,28.6,3.6,67.9,19,2127,81.6
karaf-jclouds,16.1,622,23,4,137,0,0,0,0,0,0.0,0.0,0.0,19,137,0.0
camel-kafka-connector,323.2,2374,300,9,2419,13,0,2,8,3,15.4,61.5,23.1,278,2406,4.5
xalan-j,134.9,4561,11,0,1464,0,0,0,0,0,0.0,0.0,0.0,11,1464,0.0
incubator-taverna-engine,67.5,2267,200,36,1447,88,9,4,59,25,4.5,67.0,28.4,76,1368,53.7
karaf-eik,19.5,654,0,0,258,0,0,0,0,0,0.0,0.0,0.0,0,0,0.0
karaf-cellar,34.9,1271,23,1,306,12,0,0,8,4,0.0,66.7,33.3,10,294,54.5
asterixdb,619.4,10433,1336,160,13412,278,32,43,107,128,15.5,38.5,46.0,898,13219,23.6
streampark,109.1,2019,164,11,782,61,1,3,42,16,4.9,68.9,26.2,92,722,39.9
directory-fortress-commander,16.6,522,3,0,113,0,0,0,0,0,0.0,0.0,0.0,3,113,0.0
activemq-apollo,80.3,2244,658,84,2148,327,67,118,20,189,36.1,6.1,57.8,247,2021,57.0
vxquery,68.1,1156,29,6,1140,3,0,0,2,1,0.0,66.7,33.3,20,1137,13.0
servicemix4-bundles,242.8,7583,0,0,168,0,0,0,0,0,0.0,0.0,0.0,0,0,0.0
incubator-weex-playground,67.1,968,6,0,691,0,0,0,0,0,0.0,0.0,0.0,6,691,0.0
ignite-teamcity-bot,57.9,834,37,1,448,11,2,0,2,9,0.0,18.2,81.8,25,439,30.6
xerces-j,194.2,5662,61,1,1421,1,0,1,0,0,100.0,0.0,0.0,59,1420,1.7
rocketmq-streams,24.6,811,119,3,1150,42,1,6,26,10,14.3,61.9,23.8,74,1109,36.2
maven-pmd-plugin,925.3,971,16,2,134,6,0,0,0,6,0.0,0.0,100.0,8,128,42.9
shardingsphere-example,942.3,1437,75,0,528,7,1,0,0,7,0.0,0.0,100.0,68,522,9.3
incubator-taverna-workbench-common-activities,13.8,502,13,0,182,7,1,0,6,1,0.0,85.7,14.3,6,176,53.8
celeborn,1001.7,2527,157,5,607,110,5,1,63,46,0.9,57.3,41.8,42,518,72.4
odftoolkit,63.1,822,184,3,6278,109,9,22,52,35,20.2,47.7,32.1,72,6189,60.2
servicemix4-kernel,15.9,526,17,1,248,10,0,0,3,7,0.0,30.0,70.0,6,238,62.5
reef,112.7,3875,296,6,1974,102,4,10,63,29,9.8,61.8,28.4,188,1880,35.2
royale-compiler,1053.6,5010,350,14,2732,111,1,0,2,109,0.0,1.8,98.2,225,2628,33.0
cocoon,1389.5,13218,268,170,7744,56,9,15,21,20,26.8,37.5,35.7,42,7702,57.1
db-jdo,81.7,1926,1137,30,3781,527,27,452,48,27,85.8,9.1,5.1,580,3318,47.6
uima-async-scaleout,78.8,1843,413,31,7874,0,0,0,0,0,0.0,0.0,0.0,382,7874,0.0
incubator-taverna-workbench,76.5,2525,99,16,1413,30,1,0,22,8,0.0,73.3,26.7,53,1384,36.1
tapestry3,77.8,1985,101,0,2953,6,0,3,2,1,50.0,33.3,16.7,95,2947,5.9
myfaces-trinidad,227.4,4730,344,70,3616,94,4,3,60,31,3.2,63.8,33.0,198,3526,34.3
xerces2-j,165.8,5510,59,1,1417,1,0,1,0,0,100.0,0.0,0.0,57,1416,1.7
unomi,83.8,2682,26,2,918,16,0,0,11,5,0.0,68.8,31.2,8,902,66.7
streampipes-extensions,39.0,1422,26,2,878,13,1,0,10,3,0.0,76.9,23.1,11,866,54.2
stratos,285.8,8951,1204,54,4434,777,175,14,726,37,1.8,93.4,4.8,373,3864,67.6
incubator-taverna-server,28.9,819,15,1,329,3,0,0,2,1,0.0,66.7,33.3,11,326,21.4
incubator-kie-benchmarks,25.2,607,4,2,833,1,0,0,1,0,0.0,100.0,0.0,1,832,50.0
struts-examples,36.3,1634,16,0,233,7,0,1,6,0,14.3,85.7,0.0,9,226,43.8
servicemix-bundles,1691.6,28669,0,0,197,0,0,0,0,0,0.0,0.0,0.0,0,0,0.0
directory-studio,236.6,5828,114,3,2905,56,0,2,28,26,3.6,50.0,46.4,55,2849,50.5
incubator-retired-slider,53.8,1974,56,12,492,24,0,1,10,13,4.2,41.7,54.2,20,468,54.5
logging-chainsaw,37.8,1359,13,0,302,9,1,0,5,4,0.0,55.6,44.4,4,294,69.2
empire-db,56.0,1853,38,1,698,25,1,2,4,19,8.0,16.0,76.0,12,674,67.6
xalan-java,143.3,4871,15,0,1984,5,1,0,1,4,0.0,20.0,80.0,10,1980,33.3
ofbiz-framework,1979.7,29484,111,1,1773,57,4,2,13,42,3.5,22.8,73.7,53,1720,51.8
manifoldcf,177.3,5254,401,11,2274,64,5,8,26,30,12.5,40.6,46.9,326,2238,16.4
uima-ducc,135.9,4948,76,8,1287,14,1,1,3,10,7.1,21.4,71.4,54,1274,20.6
fineract,1182.9,9156,548,17,6053,257,8,9,124,124,3.5,48.2,48.2,274,5805,48.4
ofbiz,2617.8,24427,76,1,1710,33,1,2,8,23,6.1,24.2,69.7,42,1678,44.0
groovy,1497.6,22023,401,23,2877,195,34,24,76,95,12.3,39.0,48.7,183,2740,51.6
plc4x,1293.4,9673,509,23,2022,264,14,13,76,175,4.9,28.8,66.3,222,1774,54.3
