repository,matched_pairs,test_first_count,same_commit_count,same_commit_outlier_count,prod_first_count,test_first_%,same_commit_%,same_commit_outlier_%,prod_first_%,test_first_adj_%,same_commit_adj_%,prod_first_adj_%
abdera,41,7,9,6,19,17.07,21.95,14.63,46.34,20.0,25.71,54.29
accumulo,577,33,144,134,266,5.72,24.96,23.22,46.1,7.45,32.51,60.05
accumulo-fluo,38,0,15,1,22,0.0,39.47,2.63,57.89,0.0,40.54,59.46
accumulo-proxy,2,1,0,0,1,50.0,0.0,0.0,50.0,50.0,0.0,50.0
ace,149,25,18,26,80,16.78,12.08,17.45,53.69,20.33,14.63,65.04
activemq,862,40,62,121,639,4.64,7.19,14.04,74.13,5.4,8.37,86.23
activemq-apollo,327,118,6,14,189,36.09,1.83,4.28,57.8,37.7,1.92,60.38
activemq-artemis,434,29,55,143,207,6.68,12.67,32.95,47.7,9.97,18.9,71.13
airavata,187,24,32,28,103,12.83,17.11,14.97,55.08,15.09,20.13,64.78
ambari,1118,33,510,193,382,2.95,45.62,17.26,34.17,3.57,55.14,41.3
ambari-logsearch,68,3,36,2,27,4.41,52.94,2.94,39.71,4.55,54.55,40.91
ambari-metrics,53,1,19,21,12,1.89,35.85,39.62,22.64,3.12,59.38,37.5
amoro,228,5,66,98,59,2.19,28.95,42.98,25.88,3.85,50.77,45.38
ant,498,62,60,21,355,12.45,12.05,4.22,71.29,13.0,12.58,74.42
ant-ivy,125,3,36,31,55,2.4,28.8,24.8,44.0,3.19,38.3,58.51
ant-ivyde,3,0,1,2,0,0.0,33.33,66.67,0.0,0.0,100.0,0.0
apex-core,93,10,20,10,53,10.75,21.51,10.75,56.99,12.05,24.1,63.86
apex-malhar,547,31,237,116,163,5.67,43.33,21.21,29.8,7.19,54.99,37.82
archiva,487,20,89,208,170,4.11,18.28,42.71,34.91,7.17,31.9,60.93
archiva-redback-core,54,2,3,43,6,3.7,5.56,79.63,11.11,18.18,27.27,54.55
aries,294,24,37,74,159,8.16,12.59,25.17,54.08,10.91,16.82,72.27
aries-jax-rs-whiteboard,4,0,1,0,3,0.0,25.0,0.0,75.0,0.0,25.0,75.0
aries-rsa,85,11,24,19,31,12.94,28.24,22.35,36.47,16.67,36.36,46.97
asterixdb,278,43,86,21,128,15.47,30.94,7.55,46.04,16.73,33.46,49.81
asterixdb-hyracks,118,15,41,11,51,12.71,34.75,9.32,43.22,14.02,38.32,47.66
atlas,421,6,86,37,292,1.43,20.43,8.79,69.36,1.56,22.4,76.04
aurora,353,13,132,134,74,3.68,37.39,37.96,20.96,5.94,60.27,33.79
avro,124,4,55,21,44,3.23,44.35,16.94,35.48,3.88,53.4,42.72
axis-axis1-java,151,24,12,25,90,15.89,7.95,16.56,59.6,19.05,9.52,71.43
axis-axis2-java-core,533,70,61,78,324,13.13,11.44,14.63,60.79,15.38,13.41,71.21
axis-axis2-java-rampart,26,15,0,5,6,57.69,0.0,19.23,23.08,71.43,0.0,28.57
axis-axis2-java-sandesha,41,10,0,18,13,24.39,0.0,43.9,31.71,43.48,0.0,56.52
beam,2161,72,809,703,577,3.33,37.44,32.53,26.7,4.94,55.49,39.57
bifromq,386,9,124,168,85,2.33,32.12,43.52,22.02,4.13,56.88,38.99
bookkeeper,451,7,180,137,127,1.55,39.91,30.38,28.16,2.23,57.32,40.45
brooklyn-library,80,5,17,12,46,6.25,21.25,15.0,57.5,7.35,25.0,67.65
brooklyn-server,580,16,182,55,327,2.76,31.38,9.48,56.38,3.05,34.67,62.29
bval,50,0,12,28,10,0.0,24.0,56.0,20.0,0.0,54.55,45.45
calcite,209,8,52,50,99,3.83,24.88,23.92,47.37,5.03,32.7,62.26
calcite-avatica,132,6,31,42,53,4.55,23.48,31.82,40.15,6.67,34.44,58.89
camel,4455,327,1036,870,2222,7.34,23.25,19.53,49.88,9.12,28.9,61.98
camel-examples,34,1,18,3,12,2.94,52.94,8.82,35.29,3.23,58.06,38.71
camel-k-runtime,51,0,16,1,34,0.0,31.37,1.96,66.67,0.0,32.0,68.0
camel-kafka-connector,13,2,8,0,3,15.38,61.54,0.0,23.08,15.38,61.54,23.08
camel-karaf,26,5,5,16,0,19.23,19.23,61.54,0.0,50.0,50.0,0.0
camel-quarkus,53,6,25,0,22,11.32,47.17,0.0,41.51,11.32,47.17,41.51
camel-quarkus-examples,2,0,2,0,0,0.0,100.0,0.0,0.0,0.0,100.0,0.0
camel-spring-boot,3469,227,812,598,1832,6.54,23.41,17.24,52.81,7.91,28.28,63.81
cassandra,1191,49,204,400,538,4.11,17.13,33.59,45.17,6.19,25.79,68.02
cassandra-java-driver,346,3,97,164,82,0.87,28.03,47.4,23.7,1.65,53.3,45.05
causeway,1499,266,106,488,639,17.75,7.07,32.56,42.63,26.31,10.48,63.2
cayenne,567,32,107,279,149,5.64,18.87,49.21,26.28,11.11,37.15,51.74
celeborn,110,1,15,48,46,0.91,13.64,43.64,41.82,1.61,24.19,74.19
chainsaw,9,0,2,3,4,0.0,22.22,33.33,44.44,0.0,33.33,66.67
chemistry-opencmis,55,6,17,9,23,10.91,30.91,16.36,41.82,13.04,36.96,50.0
chukwa,49,0,31,6,12,0.0,63.27,12.24,24.49,0.0,72.09,27.91
clerezza,114,3,32,60,19,2.63,28.07,52.63,16.67,5.56,59.26,35.19
cloudberry-pxf,157,3,51,61,42,1.91,32.48,38.85,26.75,3.12,53.12,43.75
cloudstack,1084,31,106,414,533,2.86,9.78,38.19,49.17,4.63,15.82,79.55
cocoon,56,15,10,11,20,26.79,17.86,19.64,35.71,33.33,22.22,44.44
commons-bcel,100,0,2,1,97,0.0,2.0,1.0,97.0,0.0,2.02,97.98
commons-beanutils,90,7,29,9,45,7.78,32.22,10.0,50.0,8.64,35.8,55.56
commons-bsf,11,1,0,0,10,9.09,0.0,0.0,90.91,9.09,0.0,90.91
commons-chain,6,4,0,1,1,66.67,0.0,16.67,16.67,80.0,0.0,20.0
commons-cli,48,0,1,30,17,0.0,2.08,62.5,35.42,0.0,5.56,94.44
commons-codec,68,0,15,29,24,0.0,22.06,42.65,35.29,0.0,38.46,61.54
commons-collections,419,44,113,166,96,10.5,26.97,39.62,22.91,17.39,44.66,37.94
commons-compress,155,3,29,19,104,1.94,18.71,12.26,67.1,2.21,21.32,76.47
commons-configuration,157,1,84,48,24,0.64,53.5,30.57,15.29,0.92,77.06,22.02
commons-crypto,22,1,0,4,17,4.55,0.0,18.18,77.27,5.56,0.0,94.44
commons-csv,22,1,4,3,14,4.55,18.18,13.64,63.64,5.26,21.05,73.68
commons-dbcp,41,1,1,4,35,2.44,2.44,9.76,85.37,2.7,2.7,94.59
commons-dbutils,38,1,5,17,15,2.63,13.16,44.74,39.47,4.76,23.81,71.43
commons-digester,23,8,1,0,14,34.78,4.35,0.0,60.87,34.78,4.35,60.87
commons-email,38,0,2,24,12,0.0,5.26,63.16,31.58,0.0,14.29,85.71
commons-exec,16,0,0,5,11,0.0,0.0,31.25,68.75,0.0,0.0,100.0
commons-fileupload,19,0,4,5,10,0.0,21.05,26.32,52.63,0.0,28.57,71.43
commons-functor,162,4,35,86,37,2.47,21.6,53.09,22.84,5.26,46.05,48.68
commons-geometry,172,7,20,120,25,4.07,11.63,69.77,14.53,13.46,38.46,48.08
commons-graph,8,0,0,8,0,0.0,0.0,100.0,0.0,0.0,0.0,0.0
commons-imaging,97,0,3,7,87,0.0,3.09,7.22,89.69,0.0,3.33,96.67
commons-io,227,3,107,38,79,1.32,47.14,16.74,34.8,1.59,56.61,41.8
commons-jcs,133,21,38,12,62,15.79,28.57,9.02,46.62,17.36,31.4,51.24
commons-jelly,23,0,5,0,18,0.0,21.74,0.0,78.26,0.0,21.74,78.26
commons-jexl,29,2,3,9,15,6.9,10.34,31.03,51.72,10.0,15.0,75.0
commons-jxpath,11,0,2,1,8,0.0,18.18,9.09,72.73,0.0,20.0,80.0
commons-lang,381,9,117,96,159,2.36,30.71,25.2,41.73,3.16,41.05,55.79
commons-logging,4,0,0,2,2,0.0,0.0,50.0,50.0,0.0,0.0,100.0
commons-math,639,14,240,207,178,2.19,37.56,32.39,27.86,3.24,55.56,41.2
commons-net,92,2,8,16,66,2.17,8.7,17.39,71.74,2.63,10.53,86.84
commons-numbers,86,1,29,45,11,1.16,33.72,52.33,12.79,2.44,70.73,26.83
commons-ognl,71,59,0,11,1,83.1,0.0,15.49,1.41,98.33,0.0,1.67
commons-pool,55,0,3,7,45,0.0,5.45,12.73,81.82,0.0,6.25,93.75
commons-proxy,112,19,19,7,67,16.96,16.96,6.25,59.82,18.1,18.1,63.81
commons-rdf,20,0,1,2,17,0.0,5.0,10.0,85.0,0.0,5.56,94.44
commons-rng,140,1,59,38,42,0.71,42.14,27.14,30.0,0.98,57.84,41.18
commons-scxml,39,2,6,6,25,5.13,15.38,15.38,64.1,6.06,18.18,75.76
commons-statistics,95,0,34,56,5,0.0,35.79,58.95,5.26,0.0,87.18,12.82
commons-text,94,3,33,34,24,3.19,35.11,36.17,25.53,5.0,55.0,40.0
commons-validator,54,5,10,24,15,9.26,18.52,44.44,27.78,16.67,33.33,50.0
commons-vfs,72,0,11,16,45,0.0,15.28,22.22,62.5,0.0,19.64,80.36
commons-weaver,8,0,2,4,2,0.0,25.0,50.0,25.0,0.0,50.0,50.0
continuum,114,2,16,41,55,1.75,14.04,35.96,48.25,2.74,21.92,75.34
creadur-rat,164,8,16,88,52,4.88,9.76,53.66,31.71,10.53,21.05,68.42
creadur-whisker,17,0,3,0,14,0.0,17.65,0.0,82.35,0.0,17.65,82.35
crunch,97,3,35,9,50,3.09,36.08,9.28,51.55,3.41,39.77,56.82
curator,69,5,38,11,15,7.25,55.07,15.94,21.74,8.62,65.52,25.86
cxf,1177,144,106,485,442,12.23,9.01,41.21,37.55,20.81,15.32,63.87
cxf-dosgi,71,8,21,14,28,11.27,29.58,19.72,39.44,14.04,36.84,49.12
cxf-fediz,23,4,3,2,14,17.39,13.04,8.7,60.87,19.05,14.29,66.67
datafu,18,1,8,8,1,5.56,44.44,44.44,5.56,10.0,80.0,10.0
datasketches-java,308,17,37,132,122,5.52,12.01,42.86,39.61,9.66,21.02,69.32
datasketches-memory,69,19,3,5,42,27.54,4.35,7.25,60.87,29.69,4.69,65.62
db-jdo,527,452,5,43,27,85.77,0.95,8.16,5.12,93.39,1.03,5.58
ddlutils,39,0,5,0,34,0.0,12.82,0.0,87.18,0.0,12.82,87.18
deltaspike,187,34,28,22,103,18.18,14.97,11.76,55.08,20.61,16.97,62.42
derby,82,13,19,1,49,15.85,23.17,1.22,59.76,16.05,23.46,60.49
directmemory,28,6,11,0,11,21.43,39.29,0.0,39.29,21.43,39.29,39.29
directory-fortress-core,26,8,2,11,5,30.77,7.69,42.31,19.23,53.33,13.33,33.33
directory-kerby,78,3,6,22,47,3.85,7.69,28.21,60.26,5.36,10.71,83.93
directory-ldap-api,692,31,111,204,346,4.48,16.04,29.48,50.0,6.35,22.75,70.9
directory-mavibot,48,3,9,6,30,6.25,18.75,12.5,62.5,7.14,21.43,71.43
directory-scimple,60,15,7,9,29,25.0,11.67,15.0,48.33,29.41,13.73,56.86
directory-server,257,20,37,60,140,7.78,14.4,23.35,54.47,10.15,18.78,71.07
directory-studio,56,2,5,23,26,3.57,8.93,41.07,46.43,6.06,15.15,78.79
dolphinscheduler,652,42,220,164,226,6.44,33.74,25.15,34.66,8.61,45.08,46.31
doris,1081,33,443,199,406,3.05,40.98,18.41,37.56,3.74,50.23,46.03
drill,236,8,126,34,68,3.39,53.39,14.41,28.81,3.96,62.38,33.66
druid,2411,54,876,564,917,2.24,36.33,23.39,38.03,2.92,47.43,49.65
dubbo,1143,119,164,237,623,10.41,14.35,20.73,54.51,13.13,18.1,68.76
dubbo-hessian-lite,355,42,21,74,218,11.83,5.92,20.85,61.41,14.95,7.47,77.58
dubbo-integration-cases,11,5,5,0,1,45.45,45.45,0.0,9.09,45.45,45.45,9.09
dubbo-samples,14,5,6,0,3,35.71,42.86,0.0,21.43,35.71,42.86,21.43
dubbo-spi-extensions,252,45,85,85,37,17.86,33.73,33.73,14.68,26.95,50.9,22.16
eagle,207,5,51,54,97,2.42,24.64,26.09,46.86,3.27,33.33,63.4
empire-db,25,2,4,0,19,8.0,16.0,0.0,76.0,8.0,16.0,76.0
etch,68,0,8,58,2,0.0,11.76,85.29,2.94,0.0,80.0,20.0
eventmesh,252,22,58,57,115,8.73,23.02,22.62,45.63,11.28,29.74,58.97
falcon,140,7,58,32,43,5.0,41.43,22.86,30.71,6.48,53.7,39.81
felix-dev,664,144,90,175,255,21.69,13.55,26.36,38.4,29.45,18.4,52.15
fineract,257,9,98,26,124,3.5,38.13,10.12,48.25,3.9,42.42,53.68
flink,3791,222,1648,399,1522,5.86,43.47,10.52,40.15,6.54,48.58,44.87
flink-cdc,188,4,78,16,90,2.13,41.49,8.51,47.87,2.33,45.35,52.33
flink-connector-hive,31,2,16,0,13,6.45,51.61,0.0,41.94,6.45,51.61,41.94
flink-connector-kafka,70,0,24,27,19,0.0,34.29,38.57,27.14,0.0,55.81,44.19
flink-kubernetes-operator,126,4,61,14,47,3.17,48.41,11.11,37.3,3.57,54.46,41.96
flink-statefun,98,3,46,22,27,3.06,46.94,22.45,27.55,3.95,60.53,35.53
fory,130,0,92,0,38,0.0,70.77,0.0,29.23,0.0,70.77,29.23
freemarker,73,4,17,8,44,5.48,23.29,10.96,60.27,6.15,26.15,67.69
ftpserver,78,20,18,12,28,25.64,23.08,15.38,35.9,30.3,27.27,42.42
geode,1691,44,392,235,1020,2.6,23.18,13.9,60.32,3.02,26.92,70.05
geronimo,687,87,124,175,301,12.66,18.05,25.47,43.81,16.99,24.22,58.79
geronimo-devtools,11,2,4,0,5,18.18,36.36,0.0,45.45,18.18,36.36,45.45
geronimo-gshell,61,7,12,22,20,11.48,19.67,36.07,32.79,17.95,30.77,51.28
geronimo-specs,173,0,62,72,39,0.0,35.84,41.62,22.54,0.0,61.39,38.61
geronimo-xbean,88,5,31,12,40,5.68,35.23,13.64,45.45,6.58,40.79,52.63
giraph,79,0,43,17,19,0.0,54.43,21.52,24.05,0.0,69.35,30.65
gobblin,759,26,344,130,259,3.43,45.32,17.13,34.12,4.13,54.69,41.18
gora,69,1,20,36,12,1.45,28.99,52.17,17.39,3.03,60.61,36.36
gravitino,411,9,216,30,156,2.19,52.55,7.3,37.96,2.36,56.69,40.94
groovy,195,24,8,68,95,12.31,4.1,34.87,48.72,18.9,6.3,74.8
guacamole-client,18,1,8,0,9,5.56,44.44,0.0,50.0,5.56,44.44,50.0
hadoop,1974,39,744,477,714,1.98,37.69,24.16,36.17,2.61,49.7,47.7
hadoop-common,933,22,227,185,499,2.36,24.33,19.83,53.48,2.94,30.35,66.71
hadoop-hdfs,47,0,16,6,25,0.0,34.04,12.77,53.19,0.0,39.02,60.98
hadoop-mapreduce,179,2,49,22,106,1.12,27.37,12.29,59.22,1.27,31.21,67.52
hama,89,3,23,41,22,3.37,25.84,46.07,24.72,6.25,47.92,45.83
harmony,1772,16,0,1521,235,0.9,0.0,85.84,13.26,6.37,0.0,93.63
harmony-classlib,1967,42,103,586,1236,2.14,5.24,29.79,62.84,3.04,7.46,89.5
hbase,916,39,388,201,288,4.26,42.36,21.94,31.44,5.45,54.27,40.28
helix,199,6,66,35,92,3.02,33.17,17.59,46.23,3.66,40.24,56.1
hertzbeat,273,2,49,40,182,0.73,17.95,14.65,66.67,0.86,21.03,78.11
hive,1368,19,424,592,333,1.39,30.99,43.27,24.34,2.45,54.64,42.91
hop,1895,31,97,1538,229,1.64,5.12,81.16,12.08,8.68,27.17,64.15
httpcomponents-client,240,12,95,43,90,5.0,39.58,17.92,37.5,6.09,48.22,45.69
httpcomponents-core,226,12,66,29,119,5.31,29.2,12.83,52.65,6.09,33.5,60.41
hudi,576,14,219,76,267,2.43,38.02,13.19,46.35,2.8,43.8,53.4
iceberg,752,16,346,218,172,2.13,46.01,28.99,22.87,3.0,64.79,32.21
ignite,1328,50,206,204,868,3.77,15.51,15.36,65.36,4.45,18.33,77.22
ignite-3,1040,40,481,153,366,3.85,46.25,14.71,35.19,4.51,54.23,41.26
ignite-teamcity-bot,11,0,2,0,9,0.0,18.18,0.0,81.82,0.0,18.18,81.82
incubator-ambari,230,5,62,72,91,2.17,26.96,31.3,39.57,3.16,39.24,57.59
incubator-atlas,144,2,46,30,66,1.39,31.94,20.83,45.83,1.75,40.35,57.89
incubator-baremaps,174,27,47,34,66,15.52,27.01,19.54,37.93,19.29,33.57,47.14
incubator-brooklyn,422,18,137,38,229,4.27,32.46,9.0,54.27,4.69,35.68,59.64
incubator-heron,228,18,92,65,53,7.89,40.35,28.51,23.25,11.04,56.44,32.52
incubator-hivemall,179,6,68,43,62,3.35,37.99,24.02,34.64,4.41,50.0,45.59
incubator-hugegraph,185,25,35,2,123,13.51,18.92,1.08,66.49,13.66,19.13,67.21
incubator-hugegraph-toolchain,45,3,21,0,21,6.67,46.67,0.0,46.67,6.67,46.67,46.67
incubator-kie-benchmarks,1,0,1,0,0,0.0,100.0,0.0,0.0,0.0,100.0,0.0
incubator-kie-drools,1625,186,487,259,693,11.45,29.97,15.94,42.65,13.62,35.65,50.73
incubator-kie-kogito-apps,382,8,294,14,66,2.09,76.96,3.66,17.28,2.17,79.89,17.93
incubator-kie-kogito-runtimes,1723,186,613,233,691,10.8,35.58,13.52,40.1,12.48,41.14,46.38
incubator-kie-optaplanner,488,26,258,4,200,5.33,52.87,0.82,40.98,5.37,53.31,41.32
incubator-kie-tools,5615,235,1874,1646,1860,4.19,33.37,29.31,33.13,5.92,47.22,46.86
incubator-nemo,76,5,39,0,32,6.58,51.32,0.0,42.11,6.58,51.32,42.11
incubator-retired-blur,185,9,66,9,101,4.86,35.68,4.86,54.59,5.11,37.5,57.39
incubator-retired-edgent,34,0,5,22,7,0.0,14.71,64.71,20.59,0.0,41.67,58.33
incubator-retired-htrace,22,0,11,1,10,0.0,50.0,4.55,45.45,0.0,52.38,47.62
incubator-retired-slider,24,1,4,6,13,4.17,16.67,25.0,54.17,5.56,22.22,72.22
incubator-retired-tamaya,194,23,29,15,127,11.86,14.95,7.73,65.46,12.85,16.2,70.95
incubator-retired-tamaya-extensions,213,16,37,44,116,7.51,17.37,20.66,54.46,9.47,21.89,68.64
incubator-retired-tamaya-sandbox,71,8,16,20,27,11.27,22.54,28.17,38.03,15.69,31.37,52.94
incubator-seata,852,11,186,66,589,1.29,21.83,7.75,69.13,1.4,23.66,74.94
incubator-sentry,59,1,29,22,7,1.69,49.15,37.29,11.86,2.7,78.38,18.92
incubator-tajo,142,11,61,35,35,7.75,42.96,24.65,24.65,10.28,57.01,32.71
incubator-taverna-common-activities,34,2,13,12,7,5.88,38.24,35.29,20.59,9.09,59.09,31.82
incubator-taverna-engine,88,4,14,45,25,4.55,15.91,51.14,28.41,9.3,32.56,58.14
incubator-taverna-language,51,3,18,1,29,5.88,35.29,1.96,56.86,6.0,36.0,58.0
incubator-taverna-mobile,10,0,1,0,9,0.0,10.0,0.0,90.0,0.0,10.0,90.0
incubator-taverna-server,3,0,1,1,1,0.0,33.33,33.33,33.33,0.0,50.0,50.0
incubator-taverna-workbench,30,0,6,16,8,0.0,20.0,53.33,26.67,0.0,42.86,57.14
incubator-taverna-workbench-common-activities,7,0,0,6,1,0.0,0.0,85.71,14.29,0.0,0.0,100.0
incubator-tez,70,1,13,30,26,1.43,18.57,42.86,37.14,2.5,32.5,65.0
incubator-tuweni,93,0,10,67,16,0.0,10.75,72.04,17.2,0.0,38.46,61.54
incubator-wayang,115,9,51,14,41,7.83,44.35,12.17,35.65,8.91,50.5,40.59
inlong,677,24,365,107,181,3.55,53.91,15.81,26.74,4.21,64.04,31.75
iotdb,963,62,240,319,342,6.44,24.92,33.13,35.51,9.63,37.27,53.11
jackrabbit,437,65,54,69,249,14.87,12.36,15.79,56.98,17.66,14.67,67.66
jackrabbit-filevault,65,0,13,35,17,0.0,20.0,53.85,26.15,0.0,43.33,56.67
jackrabbit-oak,1540,78,365,364,733,5.06,23.7,23.64,47.6,6.63,31.04,62.33
james-hupa,24,8,7,1,8,33.33,29.17,4.17,33.33,34.78,30.43,34.78
james-jsieve,71,11,11,32,17,15.49,15.49,45.07,23.94,28.21,28.21,43.59
james-jspf,21,5,1,4,11,23.81,4.76,19.05,52.38,29.41,5.88,64.71
james-mime4j,138,9,20,75,34,6.52,14.49,54.35,24.64,14.29,31.75,53.97
james-project,1799,48,832,417,502,2.67,46.25,23.18,27.9,3.47,60.2,36.32
jclouds,2745,125,1321,695,604,4.55,48.12,25.32,22.0,6.1,64.44,29.46
jclouds-labs,1013,20,588,284,121,1.97,58.05,28.04,11.94,2.74,80.66,16.6
jena,752,45,74,452,181,5.98,9.84,60.11,24.07,15.0,24.67,60.33
jmeter,328,41,18,68,201,12.5,5.49,20.73,61.28,15.77,6.92,77.31
johnzon,69,3,24,18,24,4.35,34.78,26.09,34.78,5.88,47.06,47.06
joshua,61,5,10,10,36,8.2,16.39,16.39,59.02,9.8,19.61,70.59
jspwiki,401,58,41,161,141,14.46,10.22,40.15,35.16,24.17,17.08,58.75
juddi,290,82,10,124,74,28.28,3.45,42.76,25.52,49.4,6.02,44.58
juddi-scout,14,0,0,0,14,0.0,0.0,0.0,100.0,0.0,0.0,100.0
kafka,1419,30,583,356,450,2.11,41.09,25.09,31.71,2.82,54.84,42.33
karaf,181,5,51,29,96,2.76,28.18,16.02,53.04,3.29,33.55,63.16
karaf-cellar,12,0,5,3,4,0.0,41.67,25.0,33.33,0.0,55.56,44.44
karaf-decanter,80,0,37,3,40,0.0,46.25,3.75,50.0,0.0,48.05,51.95
knox,362,12,189,60,101,3.31,52.21,16.57,27.9,3.97,62.58,33.44
kylin,716,15,77,547,77,2.09,10.75,76.4,10.75,8.88,45.56,45.56
lens,90,2,32,27,29,2.22,35.56,30.0,32.22,3.17,50.79,46.03
lenya,84,24,3,0,57,28.57,3.57,0.0,67.86,28.57,3.57,67.86
linkis,272,5,12,20,235,1.84,4.41,7.35,86.4,1.98,4.76,93.25
logging-chainsaw,9,0,2,3,4,0.0,22.22,33.33,44.44,0.0,33.33,66.67
logging-flume,272,4,145,75,48,1.47,53.31,27.57,17.65,2.03,73.6,24.37
logging-log4j-tools,11,1,2,1,7,9.09,18.18,9.09,63.64,10.0,20.0,70.0
logging-log4j1,70,8,14,5,43,11.43,20.0,7.14,61.43,12.31,21.54,66.15
logging-log4j2,792,36,133,185,438,4.55,16.79,23.36,55.3,5.93,21.91,72.16
lucene,2270,141,870,532,727,6.21,38.33,23.44,32.03,8.11,50.06,41.83
manifoldcf,64,8,10,16,30,12.5,15.62,25.0,46.88,16.67,20.83,62.5
marmotta,75,10,8,32,25,13.33,10.67,42.67,33.33,23.26,18.6,58.14
maven,506,28,88,152,238,5.53,17.39,30.04,47.04,7.91,24.86,67.23
maven-2,156,1,30,56,69,0.64,19.23,35.9,44.23,1.0,30.0,69.0
maven-archetype,34,2,4,16,12,5.88,11.76,47.06,35.29,11.11,22.22,66.67
maven-artifact,24,0,7,5,12,0.0,29.17,20.83,50.0,0.0,36.84,63.16
maven-assembly-plugin,44,0,8,17,19,0.0,18.18,38.64,43.18,0.0,29.63,70.37
maven-changes-plugin,15,0,7,1,7,0.0,46.67,6.67,46.67,0.0,50.0,50.0
maven-checkstyle-plugin,11,0,0,6,5,0.0,0.0,54.55,45.45,0.0,0.0,100.0
maven-compiler-plugin,6,0,1,2,3,0.0,16.67,33.33,50.0,0.0,25.0,75.0
maven-dependency-plugin,33,0,7,9,17,0.0,21.21,27.27,51.52,0.0,29.17,70.83
maven-doxia,96,7,22,24,43,7.29,22.92,25.0,44.79,9.72,30.56,59.72
maven-ear-plugin,13,0,8,1,4,0.0,61.54,7.69,30.77,0.0,66.67,33.33
maven-enforcer,55,0,19,11,25,0.0,34.55,20.0,45.45,0.0,43.18,56.82
maven-indexer,27,0,9,17,1,0.0,33.33,62.96,3.7,0.0,90.0,10.0
maven-jar-plugin,4,0,0,2,2,0.0,0.0,50.0,50.0,0.0,0.0,100.0
maven-javadoc-plugin,15,2,3,2,8,13.33,20.0,13.33,53.33,15.38,23.08,61.54
maven-mercury,62,3,11,24,24,4.84,17.74,38.71,38.71,7.89,28.95,63.16
maven-mvnd,21,1,6,6,8,4.76,28.57,28.57,38.1,6.67,40.0,53.33
maven-plugin-tools,28,0,2,17,9,0.0,7.14,60.71,32.14,0.0,18.18,81.82
maven-plugins,364,23,66,99,176,6.32,18.13,27.2,48.35,8.68,24.91,66.42
maven-pmd-plugin,6,0,0,0,6,0.0,0.0,0.0,100.0,0.0,0.0,100.0
maven-project-info-reports-plugin,28,0,3,12,13,0.0,10.71,42.86,46.43,0.0,18.75,81.25
maven-release,68,2,21,22,23,2.94,30.88,32.35,33.82,4.35,45.65,50.0
maven-resolver,149,8,39,53,49,5.37,26.17,35.57,32.89,8.33,40.62,51.04
maven-scm,399,7,87,210,95,1.75,21.8,52.63,23.81,3.7,46.03,50.26
maven-shade-plugin,23,0,5,6,12,0.0,21.74,26.09,52.17,0.0,29.41,70.59
maven-shared,190,0,51,83,56,0.0,26.84,43.68,29.47,0.0,47.66,52.34
maven-shared-utils,27,0,15,2,10,0.0,55.56,7.41,37.04,0.0,60.0,40.0
maven-site-plugin,28,0,0,26,2,0.0,0.0,92.86,7.14,0.0,0.0,100.0
maven-surefire,154,11,44,33,66,7.14,28.57,21.43,42.86,9.09,36.36,54.55
maven-wagon,68,6,17,23,22,8.82,25.0,33.82,32.35,13.33,37.78,48.89
maven-war-plugin,11,0,1,2,8,0.0,9.09,18.18,72.73,0.0,11.11,88.89
metamodel,158,1,21,112,24,0.63,13.29,70.89,15.19,2.17,45.65,52.17
metron,335,9,199,20,107,2.69,59.4,5.97,31.94,2.86,63.17,33.97
mina,166,9,33,71,53,5.42,19.88,42.77,31.93,9.47,34.74,55.79
mina-ftpserver,78,20,18,12,28,25.64,23.08,15.38,35.9,30.3,27.27,42.42
mina-sshd,223,9,59,25,130,4.04,26.46,11.21,58.3,4.55,29.8,65.66
mina-vysper,45,6,10,18,11,13.33,22.22,40.0,24.44,22.22,37.04,40.74
mnemonic,15,0,6,6,3,0.0,40.0,40.0,20.0,0.0,66.67,33.33
myfaces,192,15,13,59,105,7.81,6.77,30.73,54.69,11.28,9.77,78.95
myfaces-extcdi,29,3,6,3,17,10.34,20.69,10.34,58.62,11.54,23.08,65.38
myfaces-extval,2,0,0,0,2,0.0,0.0,0.0,100.0,0.0,0.0,100.0
myfaces-scripting,40,12,6,0,22,30.0,15.0,0.0,55.0,30.0,15.0,55.0
myfaces-tobago,145,8,28,16,93,5.52,19.31,11.03,64.14,6.2,21.71,72.09
myfaces-trinidad,94,3,8,52,31,3.19,8.51,55.32,32.98,7.14,19.05,73.81
netbeans,3581,59,120,3125,277,1.65,3.35,87.27,7.74,12.94,26.32,60.75
netbeans-mavenutils-nbm-maven-plugin,25,0,0,8,17,0.0,0.0,32.0,68.0,0.0,0.0,100.0
nifi,1792,14,934,453,391,0.78,52.12,25.28,21.82,1.05,69.75,29.2
nutch,138,2,39,41,56,1.45,28.26,29.71,40.58,2.06,40.21,57.73
ode,68,4,13,26,25,5.88,19.12,38.24,36.76,9.52,30.95,59.52
odftoolkit,109,22,35,17,35,20.18,32.11,15.6,32.11,23.91,38.04,38.04
ofbiz,33,2,7,1,23,6.06,21.21,3.03,69.7,6.25,21.88,71.88
ofbiz-framework,57,2,11,2,42,3.51,19.3,3.51,73.68,3.64,20.0,76.36
olingo-odata2,186,12,18,126,30,6.45,9.68,67.74,16.13,20.0,30.0,50.0
olingo-odata4,227,15,70,3,139,6.61,30.84,1.32,61.23,6.7,31.25,62.05
oltu,45,0,3,29,13,0.0,6.67,64.44,28.89,0.0,18.75,81.25
onami,26,2,4,19,1,7.69,15.38,73.08,3.85,28.57,57.14,14.29
oodt,289,14,83,90,102,4.84,28.72,31.14,35.29,7.04,41.71,51.26
oozie,424,10,151,194,69,2.36,35.61,45.75,16.27,4.35,65.65,30.0
openjpa,171,57,19,20,75,33.33,11.11,11.7,43.86,37.75,12.58,49.67
openmeetings,16,0,4,0,12,0.0,25.0,0.0,75.0,0.0,25.0,75.0
opennlp,502,4,63,273,162,0.8,12.55,54.38,32.27,1.75,27.51,70.74
opennlp-sandbox,114,3,40,5,66,2.63,35.09,4.39,57.89,2.75,36.7,60.55
openwebbeans,92,15,19,2,56,16.3,20.65,2.17,60.87,16.67,21.11,62.22
openwebbeans-meecrowave,26,5,11,4,6,19.23,42.31,15.38,23.08,22.73,50.0,27.27
orc,91,1,11,60,19,1.1,12.09,65.93,20.88,3.23,35.48,61.29
ozone,747,12,360,113,262,1.61,48.19,15.13,35.07,1.89,56.78,41.32
paimon,571,25,267,81,198,4.38,46.76,14.19,34.68,5.1,54.49,40.41
parquet-java,160,4,46,50,60,2.5,28.75,31.25,37.5,3.64,41.82,54.55
pdfbox,193,7,13,33,140,3.63,6.74,17.1,72.54,4.38,8.12,87.5
phoenix,236,6,79,81,70,2.54,33.47,34.32,29.66,3.87,50.97,45.16
phoenix-omid,45,4,15,7,19,8.89,33.33,15.56,42.22,10.53,39.47,50.0
pig,50,3,23,14,10,6.0,46.0,28.0,20.0,8.33,63.89,27.78
pinot,1402,52,635,134,581,3.71,45.29,9.56,41.44,4.1,50.08,45.82
pivot,102,5,11,4,82,4.9,10.78,3.92,80.39,5.1,11.22,83.67
plc4x,264,13,70,6,175,4.92,26.52,2.27,66.29,5.04,27.13,67.83
plc4x-extras,21,0,0,21,0,0.0,0.0,100.0,0.0,0.0,0.0,0.0
poi,794,40,232,159,363,5.04,29.22,20.03,45.72,6.3,36.54,57.17
polaris,161,3,63,51,44,1.86,39.13,31.68,27.33,2.73,57.27,40.0
polygene-java,583,166,80,109,228,28.47,13.72,18.7,39.11,35.02,16.88,48.1
polygene-sandbox,16,5,8,1,2,31.25,50.0,6.25,12.5,33.33,53.33,13.33
portals-pluto,38,6,4,0,28,15.79,10.53,0.0,73.68,15.79,10.53,73.68
pulsar,909,21,414,81,393,2.31,45.54,8.91,43.23,2.54,50.0,47.46
qpid-broker-j,885,107,174,247,357,12.09,19.66,27.91,40.34,16.77,27.27,55.96
qpid-jms,161,1,18,35,107,0.62,11.18,21.74,66.46,0.79,14.29,84.92
qpid-jms-amqp-0-x,632,91,136,146,259,14.4,21.52,23.1,40.98,18.72,27.98,53.29
qpid-proton-j,73,2,12,4,55,2.74,16.44,5.48,75.34,2.9,17.39,79.71
qpid-protonj2,180,3,19,26,132,1.67,10.56,14.44,73.33,1.95,12.34,85.71
rampart,26,15,0,5,6,57.69,0.0,19.23,23.08,71.43,0.0,28.57
ranger,462,4,47,12,399,0.87,10.17,2.6,86.36,0.89,10.44,88.67
ratis,54,3,15,2,34,5.56,27.78,3.7,62.96,5.77,28.85,65.38
ratis-hadoop-projects,46,2,12,2,30,4.35,26.09,4.35,65.22,4.55,27.27,68.18
rave,224,2,124,14,84,0.89,55.36,6.25,37.5,0.95,59.05,40.0
reef,102,10,19,44,29,9.8,18.63,43.14,28.43,17.24,32.76,50.0
rocketmq,537,15,50,126,346,2.79,9.31,23.46,64.43,3.65,12.17,84.18
rocketmq-clients,78,1,7,14,56,1.28,8.97,17.95,71.79,1.56,10.94,87.5
rocketmq-externals,160,4,50,57,49,2.5,31.25,35.62,30.63,3.88,48.54,47.57
rocketmq-streams,42,6,8,18,10,14.29,19.05,42.86,23.81,25.0,33.33,41.67
roller,81,20,7,16,38,24.69,8.64,19.75,46.91,30.77,10.77,58.46
royale-compiler,111,0,2,0,109,0.0,1.8,0.0,98.2,0.0,1.8,98.2
samza,334,16,156,101,61,4.79,46.71,30.24,18.26,6.87,66.95,26.18
sandesha,41,10,0,18,13,24.39,0.0,43.9,31.71,43.48,0.0,56.52
santuario-java,90,26,8,9,47,28.89,8.89,10.0,52.22,32.1,9.88,58.02
santuario-xml-security-java,92,2,3,54,33,2.17,3.26,58.7,35.87,5.26,7.89,86.84
seatunnel,364,13,120,27,204,3.57,32.97,7.42,56.04,3.86,35.61,60.53
seatunnel-web,64,3,16,17,28,4.69,25.0,26.56,43.75,6.38,34.04,59.57
sedona,89,3,42,15,29,3.37,47.19,16.85,32.58,4.05,56.76,39.19
sentry,95,4,48,20,23,4.21,50.53,21.05,24.21,5.33,64.0,30.67
servicecomb-java-chassis,789,28,286,276,199,3.55,36.25,34.98,25.22,5.46,55.75,38.79
servicecomb-pack,116,5,51,2,58,4.31,43.97,1.72,50.0,4.39,44.74,50.88
servicecomb-saga-actuator,48,1,17,0,30,2.08,35.42,0.0,62.5,2.08,35.42,62.5
servicemix3,198,7,66,68,57,3.54,33.33,34.34,28.79,5.38,50.77,43.85
servicemix4-features,20,5,2,1,12,25.0,10.0,5.0,60.0,26.32,10.53,63.16
servicemix4-kernel,10,0,3,0,7,0.0,30.0,0.0,70.0,0.0,30.0,70.0
servicemix4-nmr,36,2,14,8,12,5.56,38.89,22.22,33.33,7.14,50.0,42.86
shardingsphere,3412,311,745,276,2080,9.11,21.83,8.09,60.96,9.92,23.76,66.33
shardingsphere-elasticjob,421,20,104,141,156,4.75,24.7,33.49,37.05,7.14,37.14,55.71
shardingsphere-example,7,0,0,0,7,0.0,0.0,0.0,100.0,0.0,0.0,100.0
shenyu,1106,19,189,35,863,1.72,17.09,3.16,78.03,1.77,17.65,80.58
shindig,373,7,201,70,95,1.88,53.89,18.77,25.47,2.31,66.34,31.35
shiro,152,22,18,32,80,14.47,11.84,21.05,52.63,18.33,15.0,66.67
skywalking,768,64,271,123,310,8.33,35.29,16.02,40.36,9.92,42.02,48.06
skywalking-java,796,54,281,143,318,6.78,35.3,17.96,39.95,8.27,43.03,48.7
sling-ide-tooling,29,0,10,7,12,0.0,34.48,24.14,41.38,0.0,45.45,54.55
sling-org-apache-sling-api,48,0,11,20,17,0.0,22.92,41.67,35.42,0.0,39.29,60.71
sling-org-apache-sling-app-cms,71,0,26,21,24,0.0,36.62,29.58,33.8,0.0,52.0,48.0
sling-org-apache-sling-distribution-core,83,1,18,34,30,1.2,21.69,40.96,36.14,2.04,36.73,61.22
sling-org-apache-sling-engine,25,0,8,4,13,0.0,32.0,16.0,52.0,0.0,38.1,61.9
sling-org-apache-sling-feature-cpconverter,34,1,9,11,13,2.94,26.47,32.35,38.24,4.35,39.13,56.52
sling-org-apache-sling-jcr-resource,27,3,4,7,13,11.11,14.81,25.93,48.15,15.0,20.0,65.0
sling-org-apache-sling-resourceresolver,35,3,7,2,23,8.57,20.0,5.71,65.71,9.09,21.21,69.7
sling-org-apache-sling-scripting-core,19,0,4,3,12,0.0,21.05,15.79,63.16,0.0,25.0,75.0
sling-org-apache-sling-servlets-resolver,23,0,5,4,14,0.0,21.74,17.39,60.87,0.0,26.32,73.68
sling-org-apache-sling-testing-sling-mock,23,0,4,7,12,0.0,17.39,30.43,52.17,0.0,25.0,75.0
sling-slingfeature-maven-plugin,15,0,2,3,10,0.0,13.33,20.0,66.67,0.0,16.67,83.33
sling-whiteboard,189,2,74,52,61,1.06,39.15,27.51,32.28,1.46,54.01,44.53
solr,2246,132,827,511,776,5.88,36.82,22.75,34.55,7.61,47.67,44.73
sqoop,89,9,41,8,31,10.11,46.07,8.99,34.83,11.11,50.62,38.27
stanbol,199,16,56,71,56,8.04,28.14,35.68,28.14,12.5,43.75,43.75
storm,286,19,58,82,127,6.64,20.28,28.67,44.41,9.31,28.43,62.25
stormcrawler,46,1,6,8,31,2.17,13.04,17.39,67.39,2.63,15.79,81.58
stratos,777,14,3,723,37,1.8,0.39,93.05,4.76,25.93,5.56,68.52
streampark,61,3,17,25,16,4.92,27.87,40.98,26.23,8.33,47.22,44.44
streampipes,265,11,120,29,105,4.15,45.28,10.94,39.62,4.66,50.85,44.49
streampipes-extensions,13,0,1,9,3,0.0,7.69,69.23,23.08,0.0,25.0,75.0
streams,95,8,46,14,27,8.42,48.42,14.74,28.42,9.88,56.79,33.33
struts,640,35,66,332,207,5.47,10.31,51.88,32.34,11.36,21.43,67.21
struts-examples,7,1,6,0,0,14.29,85.71,0.0,0.0,14.29,85.71,0.0
struts-sandbox,136,25,53,4,54,18.38,38.97,2.94,39.71,18.94,40.15,40.91
struts1,278,248,4,7,19,89.21,1.44,2.52,6.83,91.51,1.48,7.01
submarine,91,1,33,35,22,1.1,36.26,38.46,24.18,1.79,58.93,39.29
synapse,511,60,25,305,121,11.74,4.89,59.69,23.68,29.13,12.14,58.74
syncope,250,41,36,22,151,16.4,14.4,8.8,60.4,17.98,15.79,66.23
systemds,226,66,35,60,65,29.2,15.49,26.55,28.76,39.76,21.08,39.16
tajo,212,13,100,49,50,6.13,47.17,23.11,23.58,7.98,61.35,30.67
tapestry-5,461,12,106,214,129,2.6,22.99,46.42,27.98,4.86,42.91,52.23
tapestry3,6,3,2,0,1,50.0,33.33,0.0,16.67,50.0,33.33,16.67
tapestry4,299,10,168,3,118,3.34,56.19,1.0,39.46,3.38,56.76,39.86
tez,175,5,37,45,88,2.86,21.14,25.71,50.29,3.85,28.46,67.69
tika,409,26,168,73,142,6.36,41.08,17.85,34.72,7.74,50.0,42.26
tiles,351,19,49,101,182,5.41,13.96,28.77,51.85,7.6,19.6,72.8
tinkerpop,655,29,126,61,439,4.43,19.24,9.31,67.02,4.88,21.21,73.91
tomcat,311,6,41,10,254,1.93,13.18,3.22,81.67,1.99,13.62,84.39
tomcat-maven-plugin,2,0,0,0,2,0.0,0.0,0.0,100.0,0.0,0.0,100.0
tomcat-taglibs-standard,32,1,3,1,27,3.12,9.38,3.12,84.38,3.23,9.68,87.1
tomcat80,203,3,19,5,176,1.48,9.36,2.46,86.7,1.52,9.6,88.89
tomee,651,60,231,47,313,9.22,35.48,7.22,48.08,9.93,38.25,51.82
tsfile,222,22,31,125,44,9.91,13.96,56.31,19.82,22.68,31.96,45.36
turbine-core,56,3,1,12,40,5.36,1.79,21.43,71.43,6.82,2.27,90.91
tuscany-sca-1.x,438,265,10,30,133,60.5,2.28,6.85,30.37,64.95,2.45,32.6
tuscany-sca-2.x,646,346,9,41,250,53.56,1.39,6.35,38.7,57.19,1.49,41.32
tuscany-sdo,1,1,0,0,0,100.0,0.0,0.0,0.0,100.0,0.0,0.0
uima-ducc,14,1,2,1,10,7.14,14.29,7.14,71.43,7.69,15.38,76.92
uima-ruta,67,4,23,0,40,5.97,34.33,0.0,59.7,5.97,34.33,59.7
uima-uimafit,113,0,4,60,49,0.0,3.54,53.1,43.36,0.0,7.55,92.45
uima-uimaj,327,24,24,169,110,7.34,7.34,51.68,33.64,15.19,15.19,69.62
uniffle,204,4,104,59,37,1.96,50.98,28.92,18.14,2.76,71.72,25.52
unomi,16,0,4,7,5,0.0,25.0,43.75,31.25,0.0,44.44,55.56
usergrid,299,23,76,65,135,7.69,25.42,21.74,45.15,9.83,32.48,57.69
velocity-engine,26,0,5,1,20,0.0,19.23,3.85,76.92,0.0,20.0,80.0
velocity-tools,25,0,6,0,19,0.0,24.0,0.0,76.0,0.0,24.0,76.0
vxquery,3,0,0,2,1,0.0,0.0,66.67,33.33,0.0,0.0,100.0
whirr,51,0,23,15,13,0.0,45.1,29.41,25.49,0.0,63.89,36.11
wicket,1092,112,96,255,629,10.26,8.79,23.35,57.6,13.38,11.47,75.15
wink,106,4,14,62,26,3.77,13.21,58.49,24.53,9.09,31.82,59.09
wookie,48,4,23,0,21,8.33,47.92,0.0,43.75,8.33,47.92,43.75
ws-axiom,164,17,29,33,85,10.37,17.68,20.12,51.83,12.98,22.14,64.89
ws-wss4j,96,2,6,28,60,2.08,6.25,29.17,62.5,2.94,8.82,88.24
xalan-java,5,0,0,1,4,0.0,0.0,20.0,80.0,0.0,0.0,100.0
xerces-j,1,1,0,0,0,100.0,0.0,0.0,0.0,100.0,0.0,0.0
xerces2-j,1,1,0,0,0,100.0,0.0,0.0,0.0,100.0,0.0,0.0
xmlbeans,168,22,14,4,128,13.1,8.33,2.38,76.19,13.41,8.54,78.05
xmlgraphics-batik,40,13,3,2,22,32.5,7.5,5.0,55.0,34.21,7.89,57.89
xmlgraphics-commons,8,0,2,1,5,0.0,25.0,12.5,62.5,0.0,28.57,71.43
xmlgraphics-fop,16,2,2,4,8,12.5,12.5,25.0,50.0,16.67,16.67,66.67
zeppelin,264,4,123,40,97,1.52,46.59,15.15,36.74,1.79,54.91,43.3
zookeeper,179,4,80,16,79,2.23,44.69,8.94,44.13,2.45,49.08,48.47
