repository,commit_size_rows,pairs_rows,q_lines,q_files,thr_lines,thr_files,outlier_commits,outlier_commit_fraction,same_commit_pairs,same_commit_pairs_relabeled,same_commit_pairs_relabeled_fraction
harmony,956,1772,0.99,0.99,2387.900000000003,141.25000000000023,14,0.014644351464435146,1521,1521,1.0
maven-site-plugin,1604,28,0.99,0.99,904.6100000000004,50.850000000000136,25,0.015586034912718205,26,26,1.0
plc4x-extras,574,21,0.99,0.99,471.1499999999992,31.269999999999982,9,0.0156794425087108,21,21,1.0
axis-axis2-java-sandesha,884,41,0.99,0.99,2317.819999999916,47.889999999999304,14,0.01583710407239819,18,18,1.0
sandesha,884,41,0.99,0.99,2317.819999999916,47.889999999999304,14,0.01583710407239819,18,18,1.0
commons-ognl,994,71,0.99,0.99,699.3999999999924,77.48999999999955,15,0.015090543259557344,11,11,1.0
commons-graph,915,8,0.99,0.99,526.5800000000007,31.440000000000055,17,0.018579234972677595,8,8,1.0
netbeans-mavenutils-nbm-maven-plugin,1835,25,0.99,0.99,485.5600000000013,22.0,32,0.017438692098092644,8,8,1.0
incubator-taverna-workbench-common-activities,502,7,0.99,0.99,2354.0900000000047,67.0,10,0.0199203187250996,6,6,1.0
maven-checkstyle-plugin,831,11,0.99,0.99,756.6000000000035,24.40000000000009,15,0.018050541516245487,6,6,1.0
axis-axis2-java-rampart,1197,26,0.99,0.99,1817.5599999999913,61.4399999999996,21,0.017543859649122806,5,5,1.0
commons-exec,1626,16,0.99,0.99,336.25,21.5,28,0.017220172201722016,5,5,1.0
rampart,1041,26,0.99,0.99,2055.9999999999986,59.19999999999982,17,0.01633045148895293,5,5,1.0
commons-crypto,2001,22,0.99,0.99,382.0,21.0,37,0.018490754622688656,4,4,1.0
commons-logging,1935,4,0.99,0.99,665.5400000000016,19.320000000000164,37,0.019121447028423774,2,2,1.0
maven-jar-plugin,609,4,0.99,0.99,583.319999999992,22.0,11,0.0180623973727422,2,2,1.0
vxquery,1156,3,0.99,0.99,3803.1000000000554,107.40000000000055,22,0.01903114186851211,2,2,1.0
commons-chain,715,6,0.99,0.99,1214.500000000001,82.86000000000001,14,0.019580419580419582,1,1,1.0
xalan-java,4871,5,0.99,0.99,2766.3000000000093,56.0,79,0.016218435639499075,1,1,1.0
stratos,8951,777,0.99,0.99,2542.0,127.0,154,0.017204781588649312,726,723,0.9958677685950413
commons-cli,2110,48,0.99,0.99,716.2499999999891,25.909999999999854,35,0.016587677725118485,31,30,0.967741935483871
netbeans,11752,3581,0.99,0.99,8286.499999999967,240.4499999999989,208,0.017699115044247787,3245,3125,0.963020030816641
santuario-xml-security-java,1790,92,0.99,0.99,1908.3199999999988,126.2199999999998,31,0.017318435754189943,57,54,0.9473684210526315
hop,8669,1895,0.99,0.99,5929.439999999995,431.59999999999854,142,0.01638020532933441,1635,1538,0.9406727828746178
uima-uimafit,1055,113,0.99,0.99,992.9200000000001,59.840000000000146,16,0.015165876777251185,64,60,0.9375
archiva-redback-core,1115,54,0.99,0.99,1173.399999999996,57.8599999999999,22,0.019730941704035873,46,43,0.9347826086956522
juddi,2997,290,0.99,0.99,6369.759999999991,107.11999999999989,47,0.01568234901568235,134,124,0.9253731343283582
synapse,4359,511,0.99,0.99,2407.5400000000027,72.42000000000007,65,0.014911676990135353,330,305,0.9242424242424242
commons-email,1952,38,0.99,0.99,421.47,20.0,35,0.017930327868852458,26,24,0.9230769230769231
turbine-core,2176,56,0.99,0.99,1783.75,69.0,37,0.017003676470588234,13,12,0.9230769230769231
oltu,860,45,0.99,0.99,1179.4399999999941,35.40999999999997,17,0.019767441860465116,32,29,0.90625
streampipes-extensions,1422,13,0.99,0.99,1236.3899999999985,66.36999999999989,23,0.01617440225035162,10,9,0.9
db-jdo,1926,527,0.99,0.99,9395.25,485.25,31,0.016095534787123573,48,43,0.8958333333333334
groovy,22023,195,0.99,0.99,977.679999999993,30.0,376,0.01707305998274531,76,68,0.8947368421052632
maven-plugin-tools,1389,28,0.99,0.99,1202.439999999996,37.11999999999989,23,0.01655867530597552,19,17,0.8947368421052632
etch,549,68,0.99,0.99,12804.239999999942,263.19999999999936,9,0.01639344262295082,66,58,0.8787878787878788
kylin,958,716,0.99,0.99,28477.99999999967,866.0499999999932,12,0.012526096033402923,624,547,0.8766025641025641
uima-uimaj,9055,327,0.99,0.99,2090.139999999992,62.919999999998254,144,0.01590281612368857,193,169,0.8756476683937824
olingo-odata2,942,186,0.99,0.99,6093.850000000023,226.49000000000035,16,0.016985138004246284,144,126,0.875
incubator-tuweni,1492,93,0.99,0.99,5515.6799999996765,105.71999999999935,21,0.014075067024128687,77,67,0.8701298701298701
myfaces-trinidad,4730,94,0.99,0.99,17170.010000000053,283.0,80,0.016913319238900635,60,52,0.8666666666666667
jena,12603,752,0.99,0.99,2766.7999999999956,106.0,195,0.015472506546060461,526,452,0.8593155893536122
commons-geometry,851,172,0.99,0.99,8088.0,130.5,15,0.01762632197414806,140,120,0.8571428571428571
harmony-classlib,7475,1967,0.99,0.99,6541.480000000032,140.26000000000022,124,0.016588628762541805,689,586,0.8505079825834543
creadur-rat,3439,164,0.99,0.99,1001.3399999999938,40.23999999999978,54,0.015702239022971794,104,88,0.8461538461538461
directory-fortress-core,2108,26,0.99,0.99,2203.969999999979,80.71999999999935,36,0.017077798861480076,13,11,0.8461538461538461
orc,2061,91,0.99,0.99,3538.2000000000085,587.0000000000064,35,0.016982047549733138,71,60,0.8450704225352113
metamodel,893,158,0.99,0.99,1458.1200000000067,48.24000000000012,14,0.015677491601343786,133,112,0.8421052631578947
struts,8154,640,0.99,0.99,2332.760000000002,123.47000000000025,126,0.01545253863134658,398,332,0.8341708542713567
onami,744,26,0.99,0.99,3087.310000000014,85.1400000000001,11,0.01478494623655914,23,19,0.8260869565217391
ws-wss4j,3286,96,0.99,0.99,1934.3000000000002,99.30000000000018,55,0.016737674984783932,34,28,0.8235294117647058
causeway,29622,1499,0.99,0.99,2322.1600000000035,213.0,501,0.016913105124569578,594,488,0.8215488215488216
directory-studio,5828,56,0.99,0.99,2655.499999999978,186.1899999999987,107,0.018359643102264928,28,23,0.8214285714285714
cxf,19148,1177,0.99,0.99,1122.5899999999965,111.52999999999884,365,0.019062043033214956,591,485,0.8206429780033841
tuscany-sca-2.x,16253,646,0.99,0.99,2560.959999999999,101.47999999999956,279,0.017166061650156893,50,41,0.82
myfaces,6431,192,0.99,0.99,2457.0,83.09999999999945,102,0.01586067485616545,72,59,0.8194444444444444
wink,895,106,0.99,0.99,4819.899999999974,72.05999999999995,15,0.01675977653631285,76,62,0.8157894736842105
incubator-retired-edgent,1398,34,0.99,0.99,1673.2999999999997,121.23999999999978,25,0.0178826895565093,27,22,0.8148148148148148
opennlp,2379,502,0.99,0.99,3044.3399999999806,96.7599999999984,38,0.015973097940311057,336,273,0.8125
tsfile,1401,222,0.99,0.99,5375.0,244.0,22,0.015703069236259814,156,125,0.8012820512820513
marmotta,2276,75,0.99,0.99,2541.25,178.0,35,0.015377855887521968,40,32,0.8
maven-archetype,1432,34,0.99,0.99,1473.850000000009,77.38000000000011,23,0.01606145251396648,20,16,0.8
maven-project-info-reports-plugin,1105,28,0.99,0.99,997.5200000000123,31.88000000000011,19,0.017194570135746608,15,12,0.8
commons-dbcp,3515,41,0.99,0.99,868.6000000000013,20.860000000000127,62,0.01763869132290185,5,4,0.8
james-jspf,751,21,0.99,0.99,2239.5,41.0,15,0.019973368841544607,5,4,0.8
jspwiki,9682,401,0.99,0.99,1271.0,44.0,176,0.018178062383805,202,161,0.7970297029702971
cloudstack,38271,1084,0.99,0.99,2302.7000000000553,78.0,625,0.01633090329492305,520,414,0.7961538461538461
jmeter,18485,328,0.99,0.99,851.4799999999996,27.0,308,0.016662158506897486,86,68,0.7906976744186046
james-mime4j,996,138,0.99,0.99,1977.1499999999971,191.0999999999999,13,0.013052208835341365,95,75,0.7894736842105263
directory-kerby,2720,78,0.99,0.99,1806.6999999999962,130.04999999999973,46,0.016911764705882352,28,22,0.7857142857142857
datasketches-java,3524,308,0.99,0.99,1888.889999999999,58.0,59,0.01674233825198638,169,132,0.7810650887573964
dubbo-hessian-lite,2546,355,0.99,0.99,2054.3500000000067,100.10000000000036,38,0.014925373134328358,95,74,0.7789473684210526
commons-dbutils,1485,38,0.99,0.99,783.8800000000097,30.160000000000082,27,0.01818181818181818,22,17,0.7727272727272727
incubator-taverna-engine,2267,88,0.99,0.99,2166.120000000017,49.340000000000146,40,0.0176444640494045,59,45,0.7627118644067796
celeborn,2527,110,0.99,0.99,1945.7399999999889,42.73999999999978,40,0.015829046299960427,63,48,0.7619047619047619
camel-karaf,1793,26,0.99,0.99,3420.679999999995,499.0,35,0.019520356943669825,21,16,0.7619047619047619
tuscany-sca-1.x,10863,438,0.99,0.99,2688.319999999989,111.3799999999992,186,0.01712234189450428,40,30,0.75
commons-jexl,3825,29,0.99,0.99,855.7199999999948,32.75999999999976,62,0.016209150326797386,12,9,0.75
james-jsieve,615,71,0.99,0.99,2853.280000000006,123.16000000000008,12,0.01951219512195122,43,32,0.7441860465116279
jackrabbit-filevault,1197,65,0.99,0.99,976.7199999999966,55.07999999999993,18,0.015037593984962405,48,35,0.7291666666666666
incubator-taverna-workbench,2525,30,0.99,0.99,2722.2799999999224,100.59999999999764,40,0.015841584158415842,22,16,0.7272727272727273
wicket,22103,1092,0.99,0.99,1534.8799999999974,54.0,377,0.017056508166312264,351,255,0.7264957264957265
cayenne,7453,567,0.99,0.99,1764.7999999999956,97.0,127,0.01704011807325909,386,279,0.7227979274611399
activemq-artemis,11878,434,0.99,0.99,1830.4599999999991,201.45999999999913,196,0.01650109446034686,198,143,0.7222222222222222
continuum,4870,114,0.99,0.99,1795.9700000000348,53.0,83,0.017043121149897332,57,41,0.7192982456140351
pdfbox,12821,193,0.99,0.99,840.7999999999993,24.0,224,0.017471336089228608,46,33,0.717391304347826
rocketmq,8969,537,0.99,0.99,1891.199999999997,50.31999999999971,135,0.015051845244731854,176,126,0.7159090909090909
commons-functor,900,162,0.99,0.99,2193.409999999998,188.6699999999994,16,0.017777777777777778,121,86,0.7107438016528925
maven-scm,2339,399,0.99,0.99,2434.8199999999933,81.09999999999945,39,0.016673792218896963,297,210,0.7070707070707071
commons-validator,2763,54,0.99,0.99,710.5200000000004,36.38000000000011,50,0.018096272167933407,34,24,0.7058823529411765
archiva,8785,487,0.99,0.99,1895.1599999999962,71.0,154,0.01752988047808765,297,208,0.7003367003367004
bval,1418,50,0.99,0.99,1648.2499999999873,79.93999999999869,23,0.01622002820874471,40,28,0.7
activemq-apollo,2244,327,0.99,0.99,4253.040000000077,116.56000000000131,39,0.017379679144385027,20,14,0.7
commons-imaging,3086,97,0.99,0.99,1231.1500000000092,87.15000000000009,50,0.016202203499675955,10,7,0.7
commons-pool,3224,55,0.99,0.99,758.77,25.0,60,0.018610421836228287,10,7,0.7
reef,3875,102,0.99,0.99,1658.6799999999957,82.25999999999976,61,0.015741935483870966,63,44,0.6984126984126984
incubator-tez,778,70,0.99,0.99,2109.3600000000133,55.15000000000009,12,0.015424164524421594,43,30,0.6976744186046512
roller,4786,81,0.99,0.99,3081.8499999999785,136.29999999999927,75,0.01567070622649394,23,16,0.6956521739130435
rocketmq-streams,811,42,0.99,0.99,11245.89999999992,145.2999999999996,14,0.01726263871763255,26,18,0.6923076923076923
maven-mercury,769,62,0.99,0.99,5490.799999999966,238.39999999999714,13,0.016905071521456438,35,24,0.6857142857142857
mina,2411,166,0.99,0.99,1549.9000000000174,62.0,42,0.017420157610949814,104,71,0.6826923076923077
maven-assembly-plugin,1413,44,0.99,0.99,1071.0799999999952,87.59999999999764,22,0.01556970983722576,25,17,0.68
axis-axis1-java,13229,151,0.99,0.99,1936.0,68.71999999999935,235,0.017764003326026154,37,25,0.6756756756756757
tiles,1465,351,0.99,0.99,3089.08,197.0,27,0.018430034129692834,150,101,0.6733333333333333
tapestry-5,5851,461,0.99,0.99,2552.0,72.5,94,0.01606562980687062,320,214,0.66875
aries,6552,294,0.99,0.99,1996.7599999999948,74.0,117,0.017857142857142856,111,74,0.6666666666666666
ode,3823,68,0.99,0.99,3461.41999999999,83.33999999999924,50,0.013078733978550876,39,26,0.6666666666666666
commons-net,4138,92,0.99,0.99,1144.0600000000068,42.0,71,0.017158047365877234,24,16,0.6666666666666666
rocketmq-clients,1274,78,0.99,0.99,5966.189999999997,134.23999999999978,20,0.015698587127158554,21,14,0.6666666666666666
commons-weaver,749,8,0.99,0.99,788.7199999999975,42.559999999999945,11,0.014686248331108143,6,4,0.6666666666666666
xmlgraphics-fop,8640,16,0.99,0.99,3359.810000000012,73.0,144,0.016666666666666666,6,4,0.6666666666666666
ant-ivyde,849,3,0.99,0.99,1627.1199999999985,79.07999999999993,15,0.0176678445229682,3,2,0.6666666666666666
commons-rdf,2068,20,0.99,0.99,403.3099999999995,27.329999999999927,34,0.01644100580270793,3,2,0.6666666666666666
maven-compiler-plugin,1005,6,0.99,0.99,1114.920000000002,33.92000000000007,15,0.014925373134328358,3,2,0.6666666666666666
maven-war-plugin,821,11,0.99,0.99,602.9999999999968,26.0,14,0.01705237515225335,3,2,0.6666666666666666
cassandra,31508,1191,0.99,0.99,1754.7200000000012,47.0,477,0.015139012314332867,604,400,0.6622516556291391
activemq,12145,862,0.99,0.99,1791.8799999999883,67.67999999999847,187,0.015397282832441335,183,121,0.6612021857923497
felix-dev,17589,664,0.99,0.99,2463.9199999999837,63.0,282,0.016032747740064815,265,175,0.660377358490566
qpid-jms,2449,161,0.99,0.99,1381.4399999999978,28.0,39,0.015924867292772562,53,35,0.660377358490566
commons-codec,3272,68,0.99,0.99,882.0499999999984,27.579999999999927,59,0.018031784841075794,44,29,0.6590909090909091
sling-org-apache-sling-distribution-core,538,83,0.99,0.99,1090.1299999999997,79.77999999999997,11,0.020446096654275093,52,34,0.6538461538461539
maven-indexer,681,27,0.99,0.99,1358.800000000013,84.00000000000045,11,0.016152716593245228,26,17,0.6538461538461539
clerezza,2341,114,0.99,0.99,3950.5999999999294,165.5999999999999,41,0.01751388295600171,92,60,0.6521739130434783
maven-2,5638,156,0.99,0.99,1046.340000000002,38.0,96,0.017027314650585313,86,56,0.6511627906976745
directory-ldap-api,6475,692,0.99,0.99,3412.580000000007,168.5600000000013,104,0.016061776061776063,315,204,0.6476190476190476
geronimo-gshell,1691,61,0.99,0.99,2412.399999999997,61.0,32,0.018923713778829097,34,22,0.6470588235294118
sling-org-apache-sling-api,725,48,0.99,0.99,1093.8399999999976,36.799999999999955,12,0.016551724137931035,31,20,0.6451612903225806
gora,1422,69,0.99,0.99,2918.269999999996,37.57999999999993,23,0.01617440225035162,56,36,0.6428571428571429
mina-vysper,779,45,0.99,0.99,2280.5400000000072,77.20000000000027,14,0.01797175866495507,28,18,0.6428571428571429
hama,1595,89,0.99,0.99,2288.579999999984,40.059999999999945,26,0.016300940438871474,64,41,0.640625
shiro,4389,152,0.99,0.99,1119.2399999999998,61.11999999999989,68,0.015493278651173389,50,32,0.64
sling-org-apache-sling-jcr-resource,770,27,0.99,0.99,702.9299999999998,19.549999999999727,13,0.016883116883116882,11,7,0.6363636363636364
sling-org-apache-sling-testing-sling-mock,640,23,0.99,0.99,568.8600000000017,31.0,11,0.0171875,11,7,0.6363636363636364
struts1,5272,278,0.99,0.99,4795.529999999998,83.28999999999996,86,0.016312594840667678,11,7,0.6363636363636364
unomi,2682,16,0.99,0.99,1262.6600000000008,79.0,60,0.02237136465324385,11,7,0.6363636363636364
maven,15902,506,0.99,0.99,1279.9799999999996,59.0,268,0.016853226009307005,240,152,0.6333333333333333
systemds,9068,226,0.99,0.99,4943.849999999975,133.0,143,0.01576973974415527,95,60,0.631578947368421
cassandra-java-driver,1925,346,0.99,0.99,2651.08,89.55999999999995,32,0.016623376623376623,261,164,0.6283524904214559
linkis,4272,272,0.99,0.99,4635.379999999999,177.0,65,0.015215355805243446,32,20,0.625
datasketches-memory,1097,69,0.99,0.99,1286.0799999999972,45.039999999999964,18,0.016408386508659983,8,5,0.625
commons-statistics,1064,95,0.99,0.99,2701.529999999927,50.10999999999967,19,0.017857142857142856,90,56,0.6222222222222222
maven-shared,3387,190,0.99,0.99,1525.3999999999987,28.0,59,0.017419545320342487,134,83,0.6194029850746269
directory-server,10280,257,0.99,0.99,2472.189999999966,108.83999999999651,164,0.015953307392996108,97,60,0.6185567010309279
manifoldcf,5254,64,0.99,0.99,2798.530000000025,68.0,87,0.01655881233346022,26,16,0.6153846153846154
commons-numbers,1658,86,0.99,0.99,1832.43,32.0,30,0.018094089264173704,74,45,0.6081081081081081
maven-plugins,15063,364,0.99,0.99,1135.1399999999976,45.0,235,0.015601141870809267,165,99,0.6
incubator-retired-slider,1974,24,0.99,0.99,1256.7799999999997,40.26999999999998,32,0.016210739614994935,10,6,0.6
chainsaw,934,9,0.99,0.99,1403.589999999997,25.0,19,0.020342612419700215,5,3,0.6
logging-chainsaw,1359,9,0.99,0.99,1436.9800000000014,38.04000000000087,24,0.017660044150110375,5,3,0.6
sling-slingfeature-maven-plugin,781,15,0.99,0.99,489.0000000000009,15.400000000000091,12,0.015364916773367477,5,3,0.6
amoro,1768,228,0.99,0.99,9352.629999999977,303.90999999999804,31,0.01753393665158371,164,98,0.5975609756097561
streampark,2019,61,0.99,0.99,4618.77999999996,185.0199999999993,30,0.014858841010401188,42,25,0.5952380952380952
commons-collections,4998,419,0.99,0.99,1551.2999999999975,88.08999999999924,87,0.017406962785114045,279,166,0.5949820788530465
commons-vfs,4536,72,0.99,0.99,853.7499999999945,62.649999999999636,70,0.015432098765432098,27,16,0.5925925925925926
dubbo,8634,1143,0.99,0.99,2300.67,97.67000000000007,128,0.014825110030113504,401,237,0.5910224438902744
ace,1603,149,0.99,0.99,5679.080000000001,153.86000000000013,29,0.018091079226450407,44,26,0.5909090909090909
qpid-broker-j,9311,885,0.99,0.99,3076.8999999999996,108.0,146,0.015680378047470734,421,247,0.5866983372921615
storm,11265,286,0.99,0.99,1789.2400000000052,67.0,194,0.017221482467820685,140,82,0.5857142857142857
geronimo,13137,687,0.99,0.99,4127.919999999998,117.63999999999942,219,0.016670472710664536,299,175,0.5852842809364549
hive,17964,1368,0.99,0.99,16527.669999999907,243.36999999999898,294,0.016366065464261857,1016,592,0.5826771653543307
logging-log4j2,14624,792,0.99,0.99,1201.0,48.0,258,0.01764223194748359,318,185,0.5817610062893082
qpid-protonj2,2372,180,0.99,0.99,2191.1499999999987,93.47999999999956,39,0.016441821247892074,45,26,0.5777777777777777
polygene-java,5820,583,0.99,0.99,2934.580000000007,170.8100000000004,96,0.016494845360824743,189,109,0.5767195767195767
maven-resolver,1495,149,0.99,0.99,1904.2399999999998,71.17999999999984,24,0.016053511705685617,92,53,0.5760869565217391
shardingsphere-elasticjob,2475,421,0.99,0.99,1948.9399999999837,182.51999999999953,43,0.017373737373737375,245,141,0.5755102040816327
bifromq,705,386,0.99,0.99,7457.320000000123,238.32000000000153,11,0.015602836879432624,292,168,0.5753424657534246
calcite-avatica,2870,132,0.99,0.99,2925.089999999998,79.61999999999989,45,0.0156794425087108,73,42,0.5753424657534246
maven-wagon,1394,68,0.99,0.99,1496.5499999999959,31.0,21,0.015064562410329985,40,23,0.575
stormcrawler,2398,46,0.99,0.99,911.9300000000062,23.0900000000006,40,0.016680567139282735,14,8,0.5714285714285714
iotdb,13252,963,0.99,0.99,4113.4299999999985,98.0,215,0.01622396619378207,559,319,0.5706618962432916
directory-scimple,2337,60,0.99,0.99,591.2799999999997,22.919999999999618,40,0.017115960633290545,16,9,0.5625
maven-dependency-plugin,1455,33,0.99,0.99,1110.7800000000016,48.92000000000007,23,0.015807560137457044,16,9,0.5625
oozie,2412,424,0.99,0.99,2330.1699999999933,84.33999999999924,40,0.01658374792703151,345,194,0.5623188405797102
axis-axis2-java-core,15152,533,0.99,0.99,2489.7399999999943,86.48999999999978,254,0.016763463569165787,139,78,0.5611510791366906
jackrabbit,9420,437,0.99,0.99,2522.6799999999857,82.0,158,0.016772823779193206,123,69,0.5609756097560976
stanbol,3404,199,0.99,0.99,10152.459999999937,177.9699999999998,58,0.017038777908343124,127,71,0.5590551181102362
incubator-retired-tamaya-sandbox,527,71,0.99,0.99,2893.4000000000106,74.76000000000022,10,0.018975332068311195,36,20,0.5555555555555556
commons-fileupload,2079,19,0.99,0.99,619.099999999999,20.2199999999998,37,0.017797017797017797,9,5,0.5555555555555556
sling-org-apache-sling-feature-cpconverter,584,34,0.99,0.99,949.5399999999893,25.339999999999918,8,0.0136986301369863,20,11,0.55
tez,3063,175,0.99,0.99,1909.2800000000007,57.38000000000011,54,0.01762977473065622,82,45,0.5487804878048781
maven-shade-plugin,749,23,0.99,0.99,870.8799999999965,25.079999999999927,10,0.01335113484646195,11,6,0.5454545454545454
cloudberry-pxf,1431,157,0.99,0.99,3781.800000000012,77.80000000000018,22,0.015373864430468204,112,61,0.5446428571428571
incubator-retired-tamaya-extensions,1618,213,0.99,0.99,1760.7799999999952,90.0,29,0.01792336217552534,81,44,0.5432098765432098
geronimo-specs,1900,173,0.99,0.99,10914.829999999994,170.01,31,0.01631578947368421,134,72,0.5373134328358209
incubator-ambari,3673,230,0.99,0.99,5976.759999999996,82.0,54,0.014701878573373264,134,72,0.5373134328358209
rocketmq-externals,1006,160,0.99,0.99,8146.950000000141,262.50000000000136,19,0.018886679920477135,107,57,0.5327102803738317
ws-axiom,5592,164,0.99,0.99,1023.0900000000001,65.0,90,0.016094420600858368,62,33,0.532258064516129
flink-connector-kafka,972,70,0.99,0.99,1924.759999999962,41.86999999999989,16,0.01646090534979424,51,27,0.5294117647058824
santuario-java,2922,90,0.99,0.99,3849.1299999999983,115.0,53,0.01813826146475017,17,9,0.5294117647058824
ambari-metrics,712,53,0.99,0.99,2176.9199999999996,52.77999999999997,13,0.018258426966292134,40,21,0.525
cocoon,13218,56,0.99,0.99,2564.3499999999967,122.82999999999993,220,0.016643970343471023,21,11,0.5238095238095238
maven-doxia,2020,96,0.99,0.99,2192.389999999999,49.809999999999945,35,0.017326732673267328,46,24,0.5217391304347826
parquet-java,2840,160,0.99,0.99,2081.910000000004,44.0,52,0.018309859154929577,96,50,0.5208333333333334
oodt,2251,289,0.99,0.99,6646.0,120.0,38,0.016881386050644157,173,90,0.5202312138728323
qpid-jms-amqp-0-x,7631,632,0.99,0.99,3310.99999999998,110.0,118,0.015463242039051238,282,146,0.5177304964539007
seatunnel-web,2329,64,0.99,0.99,2050.799999999997,92.4399999999996,41,0.017604121940747102,33,17,0.5151515151515151
submarine,1051,91,0.99,0.99,9210.5,173.5,18,0.017126546146527116,68,35,0.5147058823529411
eagle,1050,207,0.99,0.99,6944.089999999986,143.0,20,0.01904761904761905,105,54,0.5142857142857142
openjpa,5394,171,0.99,0.99,3142.5899999999892,70.20999999999913,84,0.01557285873192436,39,20,0.5128205128205128
nutch,3545,138,0.99,0.99,1895.479999999986,83.0,63,0.01777150916784203,80,41,0.5125
maven-release,1261,68,0.99,0.99,1856.2000000000016,73.40000000000009,17,0.013481363996827915,43,22,0.5116279069767442
servicemix3,2968,198,0.99,0.99,3021.629999999999,98.32999999999993,46,0.01549865229110512,134,68,0.5074626865671642
commons-text,2680,94,0.99,0.99,955.2600000000002,21.210000000000036,46,0.017164179104477612,67,34,0.5074626865671642
phoenix,4188,236,0.99,0.99,2935.2900000000145,75.13000000000011,66,0.015759312320916905,160,81,0.50625
aurora,4091,353,0.99,0.99,1720.4999999999995,66.09999999999991,71,0.017355169885113663,266,134,0.5037593984962406
dubbo-spi-extensions,630,252,0.99,0.99,7551.41000000001,119.94000000000051,9,0.014285714285714285,170,85,0.5
joshua,4256,61,0.99,0.99,4066.8999999999996,61.0,75,0.01762218045112782,20,10,0.5
datafu,637,18,0.99,0.99,2516.1999999999866,96.55999999999995,11,0.01726844583987441,16,8,0.5
commons-scxml,2130,39,0.99,0.99,1200.6200000000008,51.0,36,0.016901408450704224,12,6,0.5
maven-mvnd,1379,21,0.99,0.99,994.7200000000007,37.0,23,0.016678752719361856,12,6,0.5
mnemonic,784,15,0.99,0.99,1160.5499999999993,39.0,15,0.01913265306122449,12,6,0.5
incubator-taverna-server,819,3,0.99,0.99,1463.5199999999977,117.0199999999993,14,0.017094017094017096,2,1,0.5
jackrabbit-oak,20613,1540,0.99,0.99,1112.760000000002,47.0,439,0.021297239606073836,729,364,0.4993141289437586
ignite,29716,1328,0.99,0.99,2719.2499999999927,111.0,526,0.0177009018710459,410,204,0.4975609756097561
eventmesh,4841,252,0.99,0.99,2239.4000000000397,79.60000000000036,78,0.01611237347655443,115,57,0.4956521739130435
servicecomb-java-chassis,4646,789,0.99,0.99,1583.9500000000016,182.0,89,0.0191562634524322,562,276,0.49110320284697506
calcite,6379,209,0.99,0.99,2811.340000000012,75.22000000000025,103,0.016146731462611693,102,50,0.49019607843137253
accumulo,14604,577,0.99,0.99,1915.0,96.0,240,0.016433853738701727,278,134,0.48201438848920863
incubator-taverna-common-activities,855,34,0.99,0.99,3503.1200000000517,103.0,15,0.017543859649122806,25,12,0.48
incubator-kie-tools,23597,5615,0.99,0.99,6441.840000000018,235.04000000000087,374,0.01584947239055812,3520,1646,0.46761363636363634
airavata,10829,187,0.99,0.99,11639.879999999965,103.71999999999935,195,0.01800720288115246,60,28,0.4666666666666667
beam,46211,2161,0.99,0.99,1444.100000000013,47.0,823,0.017809612429940922,1512,703,0.46494708994708994
commons-math,7366,639,0.99,0.99,1766.3500000000004,64.35000000000036,126,0.017105620418137388,447,207,0.46308724832214765
ant-ivy,3096,125,0.99,0.99,1657.7000000000098,95.45000000000164,45,0.014534883720930232,67,31,0.4626865671641791
usergrid,10954,299,0.99,0.99,2790.7599999999948,66.0,165,0.01506299068833303,141,65,0.46099290780141844
lens,2449,90,0.99,0.99,2545.7999999999975,75.07999999999993,36,0.014699877501020826,59,27,0.4576271186440678
camel,77754,4455,0.99,0.99,2719.470000000001,102.47000000000116,1372,0.017645394449160173,1906,870,0.4564533053515215
commons-lang,9068,381,0.99,0.99,1121.6099999999988,27.329999999999927,162,0.017865019850022056,213,96,0.4507042253521127
hertzbeat,2696,273,0.99,0.99,5452.7000000000135,154.2500000000009,46,0.017062314540059347,89,40,0.449438202247191
hadoop-common,10509,933,0.99,0.99,3400.92,63.840000000000146,176,0.01674754971928823,412,185,0.44902912621359226
polaris,2243,161,0.99,0.99,3043.999999999989,74.3799999999992,36,0.016049933125278644,114,51,0.4473684210526316
sling-org-apache-sling-app-cms,1076,71,0.99,0.99,2807.25,56.75,19,0.017657992565055763,47,21,0.44680851063829785
sling-org-apache-sling-servlets-resolver,684,23,0.99,0.99,598.7799999999986,23.849999999999795,10,0.014619883040935672,9,4,0.4444444444444444
aries-rsa,1052,85,0.99,0.99,1238.2300000000012,54.0,20,0.019011406844106463,43,19,0.4418604651162791
deltaspike,2693,187,0.99,0.99,1225.4799999999996,62.0,59,0.021908652060898627,50,22,0.44
bookkeeper,3609,451,0.99,0.99,3912.2000000000007,93.84000000000015,63,0.017456359102244388,317,137,0.43217665615141954
incubator-sentry,713,59,0.99,0.99,4136.6399999999985,64.51999999999998,13,0.0182328190743338,51,22,0.43137254901960786
maven-surefire,3524,154,0.99,0.99,2075.0599999999986,69.76999999999998,59,0.01674233825198638,77,33,0.42857142857142855
johnzon,1109,69,0.99,0.99,1295.8400000000056,21.920000000000073,18,0.016230838593327322,42,18,0.42857142857142855
commons-csv,3054,22,0.99,0.99,404.5799999999972,10.0,54,0.01768172888015717,7,3,0.42857142857142855
sling-org-apache-sling-scripting-core,532,19,0.99,0.99,748.5599999999986,21.449999999999704,11,0.020676691729323307,7,3,0.42857142857142855
dolphinscheduler,8798,652,0.99,0.99,2899.330000000007,99.0,129,0.014662423278017731,384,164,0.4270833333333333
camel-spring-boot,44522,3469,0.99,0.99,2743.4800000000105,143.0,800,0.017968644714972372,1410,598,0.42411347517730497
incubator-baremaps,1541,174,0.99,0.99,3830.5999999999935,169.1999999999989,25,0.016223231667748216,81,34,0.41975308641975306
maven-artifact,610,24,0.99,0.99,1146.9099999999999,41.819999999999936,11,0.018032786885245903,12,5,0.4166666666666667
incubator-heron,3308,228,0.99,0.99,3720.6799999999876,157.29999999999836,55,0.016626360338573155,157,65,0.4140127388535032
brooklyn-library,3811,80,0.99,0.99,856.7000000000021,59.80000000000018,68,0.01784308580425085,29,12,0.41379310344827586
sling-whiteboard,1901,189,0.99,0.99,2784.0,91.0,35,0.01841136244082062,126,52,0.4126984126984127
sling-ide-tooling,901,29,0.99,0.99,1219.0,46.0,16,0.017758046614872364,17,7,0.4117647058823529
poi,13644,794,0.99,0.99,2147.1299999999974,73.0,227,0.016637349750806215,391,159,0.40664961636828645
cxf-dosgi,810,71,0.99,0.99,1338.4899999999989,54.0,16,0.019753086419753086,35,14,0.4
ftpserver,977,78,0.99,0.99,3481.4000000000146,192.20000000000005,16,0.016376663254861822,30,12,0.4
mina-ftpserver,1061,78,0.99,0.99,2783.600000000047,179.00000000000182,17,0.016022620169651274,30,12,0.4
abdera,1500,41,0.99,0.99,2579.959999999998,66.01999999999998,22,0.014666666666666666,15,6,0.4
directory-mavibot,581,48,0.99,0.99,3528.20000000002,56.40000000000032,10,0.01721170395869191,15,6,0.4
cxf-fediz,2372,23,0.99,0.99,1543.2699999999977,53.289999999999964,41,0.017284991568296795,5,2,0.4
maven-javadoc-plugin,1536,15,0.99,0.99,1249.6500000000037,41.65000000000009,24,0.015625,5,2,0.4
xmlgraphics-batik,3601,40,0.99,0.99,3981.0,140.0,61,0.016939738961399612,5,2,0.4
commons-compress,6370,155,0.99,0.99,740.4099999999944,34.0,108,0.01695447409733124,48,19,0.3958333333333333
incubator-atlas,1739,144,0.99,0.99,3239.1599999999817,81.85999999999967,29,0.01667625071880391,76,30,0.39473684210526316
whirr,569,51,0.99,0.99,2459.2000000000007,44.0,11,0.019332161687170474,38,15,0.39473684210526316
samza,2610,334,0.99,0.99,2451.3399999999892,63.72999999999956,43,0.016475095785440614,257,101,0.39299610894941633
commons-rng,1972,140,0.99,0.99,2036.3499999999958,51.86999999999989,31,0.015720081135902637,97,38,0.3917525773195876
druid,15503,2411,0.99,0.99,4259.399999999987,110.97999999999956,243,0.015674385602786556,1440,564,0.39166666666666666
hadoop,28052,1974,0.99,0.99,2589.4299999999857,62.0,480,0.017111079423926992,1221,477,0.3906633906633907
incubator-hivemall,2037,179,0.99,0.99,2653.7999999999656,58.0,32,0.015709376534118802,111,43,0.38738738738738737
iceberg,7822,752,0.99,0.99,2587.0,88.36999999999989,121,0.01546918946560982,564,218,0.38652482269503546
solr,38587,2246,0.99,0.99,2552.8399999999965,93.0,675,0.017492938036126157,1338,511,0.3819133034379671
lucene,38764,2270,0.99,0.99,2536.700000000026,83.0,686,0.017696832112269117,1402,532,0.37945791726105566
syncope,9112,250,0.99,0.99,3085.449999999997,130.88999999999942,134,0.014705882352941176,58,22,0.3793103448275862
kafka,16748,1419,0.99,0.99,2172.0599999999977,70.0,296,0.017673752089801768,939,356,0.37912673056443025
pig,3767,50,0.99,0.99,5289.4000000000015,79.0,62,0.01645872046721529,37,14,0.3783783783783784
karaf-cellar,1271,12,0.99,0.99,876.5999999999976,41.899999999999864,23,0.01809598741148702,8,3,0.375
geode,11318,1691,0.99,0.99,3062.9199999999983,153.65999999999985,177,0.015638805442657715,627,235,0.3748006379585327
maven-enforcer,978,55,0.99,0.99,1121.8100000000009,56.76000000000022,15,0.015337423312883436,30,11,0.36666666666666664
incubator-tajo,1192,142,0.99,0.99,4521.239999999997,138.5399999999995,19,0.015939597315436243,96,35,0.3645833333333333
commons-configuration,4629,157,0.99,0.99,1023.0400000000018,28.720000000000255,79,0.017066321019658673,132,48,0.36363636363636365
myfaces-tobago,13809,145,0.99,0.99,1963.6800000000003,74.0,249,0.018031718444492723,44,16,0.36363636363636365
servicemix4-nmr,678,36,0.99,0.99,1892.7400000000007,46.15000000000009,10,0.014749262536873156,22,8,0.36363636363636365
karaf,9846,181,0.99,0.99,1094.849999999995,111.0,194,0.019703432866138532,80,29,0.3625
uniffle,1463,204,0.99,0.99,2213.3199999999983,52.75999999999976,25,0.017088174982911826,163,59,0.3619631901840491
falcon,2227,140,0.99,0.99,2385.859999999948,66.73999999999978,34,0.015267175572519083,90,32,0.35555555555555557
incubator-kie-drools,17605,1625,0.99,0.99,5787.039999999979,208.0,297,0.01687020732746379,746,259,0.34718498659517427
helix,4819,199,0.99,0.99,4250.179999999898,78.81999999999971,84,0.017431002282631253,101,35,0.3465346534653465
chemistry-opencmis,2234,55,0.99,0.99,3815.9100000000053,83.0,41,0.018352730528200537,26,9,0.34615384615384615
jclouds,10916,2745,0.99,0.99,3365.0000000000146,146.0,184,0.016855991205569805,2016,695,0.3447420634920635
hbase,20805,916,0.99,0.99,3087.07999999998,63.0,370,0.017784186493631338,589,201,0.34125636672325976
logging-flume,2014,272,0.99,0.99,2820.8199999999797,64.73999999999978,35,0.01737835153922542,220,75,0.3409090909090909
incubator-retired-tamaya,1575,194,0.99,0.99,1723.1599999999994,88.0,26,0.01650793650793651,44,15,0.3409090909090909
skywalking-java,7115,796,0.99,0.99,2551.8599999999997,177.0,125,0.017568517217146872,424,143,0.33726415094339623
james-project,16944,1799,0.99,0.99,1154.0,72.56999999999971,310,0.018295561850802645,1249,417,0.33386709367493994
apex-core,6122,93,0.99,0.99,665.3199999999997,26.0,112,0.01829467494282914,30,10,0.3333333333333333
sling-org-apache-sling-engine,650,25,0.99,0.99,669.5099999999964,15.0,9,0.013846153846153847,12,4,0.3333333333333333
myfaces-extcdi,1136,29,0.99,0.99,1593.6000000000095,55.65000000000009,23,0.020246478873239437,9,3,0.3333333333333333
commons-bcel,3261,100,0.99,0.99,881.2000000000035,78.40000000000009,51,0.015639374425023,3,1,0.3333333333333333
commons-jxpath,1498,11,0.99,0.99,1560.4699999999932,119.05999999999995,24,0.01602136181575434,3,1,0.3333333333333333
logging-log4j-tools,579,11,0.99,0.99,1870.3600000000024,147.32000000000016,9,0.015544041450777202,3,1,0.3333333333333333
servicemix4-features,1085,20,0.99,0.99,1758.2000000000057,83.0,25,0.02304147465437788,3,1,0.3333333333333333
uima-ducc,4948,14,0.99,0.99,1724.389999999984,31.0,75,0.015157639450282943,3,1,0.3333333333333333
xmlgraphics-commons,662,8,0.99,0.99,2794.6799999999944,51.0,12,0.01812688821752266,3,1,0.3333333333333333
tajo,2275,212,0.99,0.99,4527.3599999999915,180.03999999999905,36,0.015824175824175824,149,49,0.3288590604026846
apex-malhar,6097,547,0.99,0.99,2394.3999999999996,99.03999999999996,113,0.01853370510086928,353,116,0.3286118980169972
odftoolkit,822,109,0.99,0.99,46704.69999999996,1610.9099999999953,15,0.01824817518248175,52,17,0.3269230769230769
nifi,11341,1792,0.99,0.99,4836.6,203.8000000000011,208,0.018340534344414072,1387,453,0.32660418168709443
tinkerpop,21652,655,0.99,0.99,1509.9400000000096,47.0,355,0.016395714021799374,187,61,0.32620320855614976
jclouds-labs,1980,1013,0.99,0.99,6219.580000000007,166.05000000000018,36,0.01818181818181818,872,284,0.3256880733944954
flink-statefun,823,98,0.99,0.99,4961.159999999994,62.45999999999981,15,0.018226002430133656,68,22,0.3235294117647059
freemarker,2561,73,0.99,0.99,1409.4000000000033,79.20000000000073,42,0.016399843811011325,25,8,0.32
phoenix-omid,1404,45,0.99,0.99,1650.0600000000027,52.88000000000011,21,0.014957264957264958,22,7,0.3181818181818182
skywalking,8389,768,0.99,0.99,2763.800000000052,132.1200000000008,142,0.01692692812015735,394,123,0.31218274111675126
httpcomponents-client,3900,240,0.99,0.99,1525.5399999999872,70.01999999999953,65,0.016666666666666666,138,43,0.3115942028985507
doris,28842,1081,0.99,0.99,4104.59,106.0,456,0.015810276679841896,642,199,0.3099688473520249
hadoop-mapreduce,960,179,0.99,0.99,11739.149999999792,140.3299999999996,13,0.013541666666666667,71,22,0.30985915492957744
httpcomponents-core,4064,226,0.99,0.99,1483.5899999999992,78.0,70,0.0172244094488189,95,29,0.30526315789473685
tika,9919,409,0.99,0.99,1332.9199999999983,95.45999999999913,179,0.01804617400947676,241,73,0.3029045643153527
atlas,4032,421,0.99,0.99,5116.800000000001,74.0,65,0.016121031746031748,123,37,0.3008130081300813
mina-sshd,3116,223,0.99,0.99,1615.5999999999985,81.39999999999964,55,0.01765083440308087,84,25,0.2976190476190476
sentry,1542,95,0.99,0.99,3679.2199999999707,93.89999999999918,27,0.017509727626459144,68,20,0.29411764705882354
giraph,1138,79,0.99,0.99,3632.8999999999846,103.03999999999905,19,0.016695957820738138,60,17,0.2833333333333333
geronimo-xbean,1063,88,0.99,0.99,4723.49999999992,127.75999999999976,17,0.01599247412982126,43,12,0.27906976744186046
avro,4859,124,0.99,0.99,2717.200000000008,51.840000000000146,77,0.015846882074500926,76,21,0.27631578947368424
incubator-kie-kogito-runtimes,20939,1723,0.99,0.99,5318.899999999954,170.0,352,0.016810735947275418,846,233,0.27541371158392436
ambari,25087,1118,0.99,0.99,3542.8999999999796,72.13999999999942,401,0.015984374377167456,703,193,0.27453769559032715
gobblin,6523,759,0.99,0.99,1523.0,39.779999999999745,114,0.017476621186570597,474,130,0.2742616033755274
hadoop-hdfs,1134,47,0.99,0.99,6514.440000000177,87.7400000000016,19,0.01675485008818342,22,6,0.2727272727272727
shardingsphere,47488,3412,0.99,0.99,1101.2599999999948,118.0,810,0.017056940700808626,1021,276,0.2703232125367287
commons-proxy,609,112,0.99,0.99,2297.959999999984,59.27999999999963,13,0.021346469622331693,26,7,0.2692307692307692
openwebbeans-meecrowave,738,26,0.99,0.99,1351.5699999999993,23.0,20,0.02710027100271003,15,4,0.26666666666666666
pivot,4660,102,0.99,0.99,1096.0999999999985,67.40999999999985,81,0.01738197424892704,15,4,0.26666666666666666
sedona,2339,89,0.99,0.99,32723.879999999415,149.85999999999967,41,0.017528858486532708,57,15,0.2631578947368421
logging-log4j1,3237,70,0.99,0.99,1874.6399999999935,46.63999999999987,52,0.01606425702811245,19,5,0.2631578947368421
commons-io,5938,227,0.99,0.99,738.9300000000012,29.0,110,0.018524755810037048,145,38,0.2620689655172414
incubator-seata,2398,852,0.99,0.99,5643.480000000003,119.0,37,0.015429524603836531,252,66,0.2619047619047619
ant,15054,498,0.99,0.99,1378.1099999999915,59.0,251,0.01667330941942341,81,21,0.25925925925925924
shindig,4786,373,0.99,0.99,1772.9999999999782,53.149999999999636,78,0.0162975344755537,271,70,0.25830258302583026
hudi,6877,576,0.99,0.99,3052.1999999999935,94.23999999999978,112,0.01628617129562309,295,76,0.2576271186440678
qpid-proton-j,3219,73,0.99,0.99,2307.420000000005,52.64000000000033,53,0.016464740602671637,16,4,0.25
tomcat-taglibs-standard,1009,32,0.99,0.99,3152.6,119.0,20,0.019821605550049554,4,1,0.25
zeppelin,5595,264,0.99,0.99,3230.680000000011,61.0,96,0.017158176943699734,163,40,0.24539877300613497
ignite-3,6372,1040,0.99,0.99,3889.1799999999985,106.57999999999993,110,0.01726302573760201,634,153,0.24132492113564669
knox,3041,362,0.99,0.99,3034.5999999999913,88.19999999999982,50,0.01644195988161789,249,60,0.24096385542168675
commons-jcs,2835,133,0.99,0.99,2205.5199999999895,114.29999999999927,42,0.014814814814814815,50,12,0.24
ozone,9851,747,0.99,0.99,2111.5,70.0,178,0.018069231550096435,473,113,0.23890063424947147
commons-beanutils,2348,90,0.99,0.99,1879.550000000007,109.2400000000016,41,0.01746166950596252,38,9,0.23684210526315788
streams,1819,95,0.99,0.99,2658.19999999999,125.73999999999955,29,0.01594282572842221,60,14,0.23333333333333334
paimon,5184,571,0.99,0.99,2110.0,69.51000000000022,94,0.018132716049382717,348,81,0.23275862068965517
brooklyn-server,14472,580,0.99,0.99,857.8699999999972,39.0,245,0.01692924267551133,237,55,0.2320675105485232
inlong,5193,677,0.99,0.99,3510.279999999995,120.07999999999993,85,0.016368187945310995,472,107,0.2266949152542373
curator,2879,69,0.99,0.99,1869.7399999999566,103.7599999999984,46,0.01597777005904828,49,11,0.22448979591836735
xmlbeans,2017,168,0.99,0.99,13527.359999999948,157.87999999999943,31,0.015369360436291522,18,4,0.2222222222222222
sling-org-apache-sling-resourceresolver,955,35,0.99,0.99,745.3600000000006,13.460000000000036,16,0.016753926701570682,9,2,0.2222222222222222
incubator-brooklyn,13002,422,0.99,0.99,1114.949999999999,49.0,219,0.016843562528841716,175,38,0.21714285714285714
incubator-wayang,2782,115,0.99,0.99,2366.860000000005,86.0,48,0.017253774263120056,65,14,0.2153846153846154
drill,4566,236,0.99,0.99,5717.9500000000135,109.35000000000036,78,0.017082785808147174,160,34,0.2125
asterixdb-hyracks,2594,118,0.99,0.99,23863.510000000017,291.70000000000164,39,0.015034695451040863,52,11,0.21153846153846154
fineract,9156,257,0.99,0.99,3087.0500000000065,109.90000000000146,153,0.016710353866317168,124,26,0.20967741935483872
tomcat80,15944,203,0.99,0.99,811.4199999999983,29.0,270,0.016934269944806825,24,5,0.20833333333333334
crunch,1093,97,0.99,0.99,2339.7599999999875,47.159999999999854,18,0.01646843549862763,44,9,0.20454545454545456
ranger,5152,462,0.99,0.99,4322.949999999966,58.97999999999956,89,0.017274844720496896,59,12,0.2033898305084746
asterixdb,10433,278,0.99,0.99,10079.520000000062,359.4400000000023,161,0.015431802933001055,107,21,0.19626168224299065
tomcat,27933,311,0.99,0.99,798.4000000000015,33.0,461,0.016503776894712347,51,10,0.19607843137254902
flink,37337,3791,0.99,0.99,2983.5599999999977,89.0,649,0.017382221388970727,2047,399,0.19491939423546653
streampipes,11584,265,0.99,0.99,2442.8500000000004,95.0,191,0.01648825966850829,149,29,0.19463087248322147
flink-kubernetes-operator,1012,126,0.99,0.99,2355.819999999997,50.889999999999986,19,0.018774703557312252,75,14,0.18666666666666668
seatunnel,5220,364,0.99,0.99,3335.600000000024,95.0,94,0.01800766283524904,147,27,0.1836734693877551
pinot,14399,1402,0.99,0.99,2774.0200000000004,66.0,243,0.01687617195638586,769,134,0.17425227568270482
flink-cdc,1439,188,0.99,0.99,5291.739999999948,70.23999999999978,23,0.015983321751216122,94,16,0.1702127659574468
tomee,15934,651,0.99,0.99,2167.4400000000023,256.34000000000015,300,0.018827664114472197,278,47,0.16906474820143885
zookeeper,2669,179,0.99,0.99,3823.480000000035,66.32000000000016,49,0.018358935931060322,96,16,0.16666666666666666
velocity-engine,4479,26,0.99,0.99,1489.3200000000015,43.0,77,0.01719133735208752,6,1,0.16666666666666666
pulsar,13867,909,0.99,0.99,6376.760000000009,79.0,230,0.01658613975625586,495,81,0.16363636363636364
sqoop,969,89,0.99,0.99,3603.3199999999997,68.23999999999955,18,0.018575851393188854,49,8,0.16326530612244897
chukwa,854,49,0.99,0.99,6632.910000000163,101.11000000000035,14,0.01639344262295082,37,6,0.16216216216216217
shenyu,3733,1106,0.99,0.99,2749.2799999999884,120.67999999999984,68,0.018215912135012054,224,35,0.15625
ofbiz-framework,29484,57,0.99,0.99,1587.5499999999738,58.169999999998254,500,0.016958350291683626,13,2,0.15384615384615385
camel-examples,2780,34,0.99,0.99,1100.800000000003,104.21000000000004,52,0.01870503597122302,21,3,0.14285714285714285
ratis-hadoop-projects,1269,46,0.99,0.99,1328.9599999999998,63.0,26,0.02048857368006304,14,2,0.14285714285714285
james-hupa,727,24,0.99,0.99,5680.020000000013,108.92000000000007,11,0.015130674002751032,8,1,0.125
maven-changes-plugin,822,15,0.99,0.99,736.909999999999,32.789999999999964,15,0.01824817518248175,8,1,0.125
ofbiz,24427,33,0.99,0.99,1776.1800000000112,57.0,418,0.017112211896671715,8,1,0.125
gravitino,3327,411,0.99,0.99,2324.8799999999974,82.0,54,0.016230838593327322,246,30,0.12195121951219512
incubator-retired-blur,5242,185,0.99,0.99,5656.100000000013,45.0,96,0.018313620755436855,75,9,0.12
maven-shared-utils,578,27,0.99,0.99,2075.2800000000007,20.460000000000036,11,0.01903114186851211,17,2,0.11764705882352941
ratis,1892,54,0.99,0.99,1014.1399999999962,48.0,37,0.019556025369978858,17,2,0.11764705882352941
opennlp-sandbox,830,114,0.99,0.99,19976.0300000001,112.13000000000011,13,0.01566265060240964,45,5,0.1111111111111111
maven-ear-plugin,701,13,0.99,0.99,957.0,46.0,12,0.017118402282453638,9,1,0.1111111111111111
polygene-sandbox,692,16,0.99,0.99,1920.520000000001,92.63000000000022,14,0.02023121387283237,9,1,0.1111111111111111
rave,1555,224,0.99,0.99,2000.12000000001,46.840000000000146,27,0.017363344051446947,138,14,0.10144927536231885
openwebbeans,4246,92,0.99,0.99,1068.5500000000002,59.55000000000018,71,0.016721620348563355,21,2,0.09523809523809523
metron,1453,335,0.99,0.99,10188.320000000022,235.92000000000007,26,0.017894012388162423,219,20,0.091324200913242
incubator-retired-htrace,605,22,0.99,0.99,4643.080000000021,44.0,13,0.021487603305785124,12,1,0.08333333333333333
plc4x,9673,264,0.99,0.99,10143.640000000009,527.4800000000105,162,0.016747648092628967,76,6,0.07894736842105263
karaf-decanter,1194,80,0.99,0.99,2572.4299999999776,75.0,31,0.025963149078726967,40,3,0.075
struts-sandbox,1878,136,0.99,0.99,10120.330000000007,231.23000000000002,33,0.01757188498402556,57,4,0.07017543859649122
accumulo-fluo,1031,38,0.99,0.99,1503.9000000000008,66.0,19,0.01842870999030068,16,1,0.0625
camel-k-runtime,2123,51,0.99,0.99,2475.00000000007,100.0,45,0.02119642016015073,17,1,0.058823529411764705
incubator-hugegraph,2067,185,0.99,0.99,4460.79999999999,96.01999999999975,37,0.017900338655055636,37,2,0.05405405405405406
ambari-logsearch,656,68,0.99,0.99,4881.800000000038,196.50000000000045,13,0.019817073170731708,38,2,0.05263157894736842
incubator-taverna-language,3560,51,0.99,0.99,1880.16999999998,30.409999999999854,63,0.017696629213483146,19,1,0.05263157894736842
derby,8269,82,0.99,0.99,4129.199999999953,65.0,145,0.01753537308017898,20,1,0.05
incubator-kie-kogito-apps,1570,382,0.99,0.99,14589.71999999994,228.85999999999967,28,0.017834394904458598,308,14,0.045454545454545456
olingo-odata4,1948,227,0.99,0.99,7502.689999999979,371.05999999999995,33,0.016940451745379878,73,3,0.0410958904109589
servicecomb-pack,1684,116,0.99,0.99,1186.5300000000007,63.68000000000029,30,0.017814726840855107,53,2,0.03773584905660377
tapestry4,3793,299,0.99,0.99,8025.639999999999,701.8799999999992,57,0.015027682573161087,171,3,0.017543859649122806
incubator-kie-optaplanner,9039,488,0.99,0.99,23737.82000000013,120.8600000000024,171,0.018918021905077995,262,4,0.015267175572519083
fory,1646,130,0.99,0.99,3147.6999999999966,61.549999999999955,27,0.016403402187120292,92,0,0.0
incubator-nemo,645,76,0.99,0.99,3494.359999999994,331.15999999999667,12,0.018604651162790697,39,0,0.0
camel-quarkus,7025,53,0.99,0.99,16271.880000000036,659.0,142,0.020213523131672597,25,0,0.0
uima-ruta,2619,67,0.99,0.99,5115.060000000021,165.4600000000005,44,0.016800305460099276,23,0,0.0
wookie,1921,48,0.99,0.99,1787.1999999999969,51.79999999999973,37,0.019260801665799063,23,0,0.0
incubator-hugegraph-toolchain,684,45,0.99,0.99,7204.339999999987,194.30999999999824,13,0.019005847953216373,21,0,0.0
servicecomb-saga-actuator,518,48,0.99,0.99,1723.0899999999997,52.319999999999936,10,0.019305019305019305,17,0,0.0
flink-connector-hive,782,31,0.99,0.99,2005.1299999999628,23.0,15,0.01918158567774936,16,0,0.0
directmemory,642,28,0.99,0.99,1953.020000000012,35.59000000000003,12,0.018691588785046728,11,0,0.0
camel-kafka-connector,2374,13,0.99,0.99,14610.189999999964,1046.27,39,0.016427969671440605,8,0,0.0
guacamole-client,7154,18,0.99,0.99,1180.8700000000053,34.0,127,0.01775230640201286,8,0,0.0
dubbo-samples,1771,14,0.99,0.99,4670.0999999999885,172.0,29,0.01637492941840768,6,0,0.0
myfaces-scripting,863,40,0.99,0.99,2023.4799999999993,96.07999999999993,17,0.019698725376593278,6,0,0.0
struts-examples,1634,7,0.99,0.99,791.6800000000003,42.0,27,0.016523867809057527,6,0,0.0
velocity-tools,1857,25,0.99,0.99,3874.040000000001,66.44000000000005,32,0.01723209477652127,6,0,0.0
commons-jelly,2517,23,0.99,0.99,1789.4400000000096,103.84000000000015,45,0.017878426698450536,5,0,0.0
ddlutils,741,39,0.99,0.99,3146.4000000000046,88.60000000000002,14,0.018893387314439947,5,0,0.0
dubbo-integration-cases,1585,11,0.99,0.99,4635.52000000002,172.0,26,0.016403785488958992,5,0,0.0
empire-db,1853,25,0.99,0.99,1472.2800000000025,59.840000000000146,33,0.017808958445763627,4,0,0.0
geronimo-devtools,1981,11,0.99,0.99,7606.400000000008,113.20000000000005,28,0.014134275618374558,4,0,0.0
openmeetings,3803,16,0.99,0.99,1143.8000000000002,60.98000000000002,71,0.01866947146989219,4,0,0.0
portals-pluto,2991,38,0.99,0.99,10218.69999999997,134.29999999999973,46,0.01537947174857907,4,0,0.0
creadur-whisker,1168,17,0.99,0.99,1131.5399999999609,24.659999999999854,18,0.015410958904109588,3,0,0.0
lenya,10657,84,0.99,0.99,1304.4400000000005,49.44000000000051,174,0.01632729661255513,3,0,0.0
servicemix4-kernel,526,10,0.99,0.99,1581.25,52.5,11,0.02091254752851711,3,0,0.0
camel-quarkus-examples,566,2,0.99,0.99,1882.0500000000056,39.0,14,0.024734982332155476,2,0,0.0
ignite-teamcity-bot,834,11,0.99,0.99,1459.3499999999958,50.0,14,0.016786570743405275,2,0,0.0
royale-compiler,5010,111,0.99,0.99,2030.0,50.81999999999971,89,0.017764471057884233,2,0,0.0
tapestry3,1985,6,0.99,0.99,4922.440000000005,231.16000000000008,31,0.015617128463476071,2,0,0.0
aries-jax-rs-whiteboard,795,4,0.99,0.99,1339.019999999999,28.0,14,0.01761006289308176,1,0,0.0
commons-digester,2947,23,0.99,0.99,1114.0999999999976,56.539999999999964,54,0.01832371903630811,1,0,0.0
incubator-kie-benchmarks,607,1,0.99,0.99,91197.29999999847,146.71999999999775,12,0.019769357495881382,1,0,0.0
incubator-taverna-mobile,699,10,0.99,0.99,1127.6199999999985,79.01999999999998,10,0.01430615164520744,1,0,0.0
accumulo-proxy,639,2,0.99,0.99,22642.860000000008,49.24000000000001,13,0.02034428794992175,0,0,0.0
commons-bsf,1009,11,0.99,0.99,1174.1599999999878,57.0,19,0.018830525272547076,0,0,0.0
juddi-scout,557,14,0.99,0.99,3275.119999999919,67.31999999999982,10,0.017953321364452424,0,0,0.0
maven-pmd-plugin,971,6,0.99,0.99,580.3999999999987,29.299999999999955,15,0.015447991761071062,0,0,0.0
myfaces-extval,519,2,0.99,0.99,2153.6200000000194,81.10000000000025,11,0.02119460500963391,0,0,0.0
shardingsphere-example,1437,7,0.99,0.99,641.0800000000022,85.2800000000002,26,0.018093249826026444,0,0,0.0
tomcat-maven-plugin,625,2,0.99,0.99,3419.359999999998,35.51999999999998,12,0.0192,0,0,0.0
tuscany-sdo,530,1,0.99,0.99,9474.260000000142,71.55000000000018,9,0.016981132075471698,0,0,0.0
xerces-j,5662,1,0.99,0.99,1886.4100000000062,41.0,100,0.017661603673613566,0,0,0.0
xerces2-j,5510,1,0.99,0.99,1962.6099999999897,39.0,99,0.017967332123411978,0,0,0.0
