repository,analysis_duration_seconds,total_commits,test_files_added,test_helpers,prod_files_added,matched_pairs,multi_test_prods,test_first_count,same_commit_count,prod_first_count,test_first_%,same_commit_%,prod_first_%,unmatched_test_files,unmatched_prod_files,match_rate_%
incubator-sentry,15.8,713,286,27,410,59,0,1,51,7,1.7,86.4,11.9,200,351,22.8
ftpserver,24.2,977,220,8,857,78,14,20,30,28,25.6,38.5,35.9,134,800,36.8
incubator-retired-tamaya-extensions,35.6,1618,376,7,872,213,23,16,81,116,7.5,38.0,54.5,156,688,57.7
santuario-xml-security-java,45.4,1790,275,13,642,92,7,2,57,33,2.2,62.0,35.9,170,560,35.1
qpid-jms,50.7,2449,468,21,451,161,14,1,53,107,0.6,32.9,66.5,286,314,36.0
mina,52.9,2411,327,24,1360,166,19,9,104,53,5.4,62.7,31.9,137,1217,54.8
commons-pool,60.1,3224,108,10,112,55,0,0,10,45,0.0,18.2,81.8,43,57,56.1
directmemory,13.2,642,80,15,146,28,4,6,11,11,21.4,39.3,39.3,37,123,43.1
shardingsphere-elasticjob,67.2,2475,769,33,885,421,34,20,245,156,4.8,58.2,37.1,315,525,57.2
santuario-java,76.3,2922,249,10,944,90,6,26,17,47,28.9,18.9,52.2,149,860,37.7
james-mime4j,24.3,996,218,5,504,138,21,9,95,34,6.5,68.8,24.6,75,392,64.8
james-jsieve,14.9,615,131,20,406,71,25,11,43,17,15.5,60.6,23.9,40,366,64.0
geronimo-xbean,27.8,1063,495,16,662,88,10,5,43,40,5.7,48.9,45.5,392,592,18.4
incubator-taverna-language,74.9,3560,158,5,392,51,2,3,19,29,5.9,37.3,56.9,102,343,33.3
aries-jax-rs-whiteboard,15.3,795,80,10,138,4,1,0,1,3,0.0,25.0,75.0,66,135,5.7
streams,72.5,1819,210,2,754,95,5,8,60,27,8.4,63.2,28.4,113,664,45.7
cassandra-java-driver,48.9,1925,462,42,1537,346,26,3,261,82,0.9,75.4,23.7,74,1260,82.4
creadur-rat,67.9,3439,227,26,417,164,15,8,104,52,4.9,63.4,31.7,37,271,81.6
maven-shared-utils,19.9,578,36,2,74,27,1,0,17,10,0.0,63.0,37.0,7,48,79.4
maven-2,116.7,5638,244,27,1198,156,6,1,86,69,0.6,55.1,44.2,61,1052,71.9
logging-flume,49.8,2014,520,30,922,272,6,4,220,48,1.5,80.9,17.6,218,668,55.5
commons-scxml,60.1,2130,91,5,154,39,0,2,12,25,5.1,30.8,64.1,47,115,45.3
commons-jexl,70.6,3825,130,2,303,29,7,2,12,15,6.9,41.4,51.7,99,281,22.7
jackrabbit,240.3,9420,1640,91,3927,437,67,65,123,249,14.9,28.1,57.0,1112,3583,28.2
commons-proxy,13.3,609,142,22,210,112,35,19,26,67,17.0,23.2,59.8,8,135,93.3
hadoop-mapreduce,28.2,960,577,5,1139,179,34,2,71,106,1.1,39.7,59.2,393,995,31.3
wink,24.8,895,482,12,949,106,7,4,76,26,3.8,71.7,24.5,364,857,22.6
aurora,100.1,4091,424,28,1010,353,7,13,266,74,3.7,75.4,21.0,44,665,89.1
mina-ftpserver,28.5,1061,220,8,858,78,14,20,30,28,25.6,38.5,35.9,134,801,36.8
opennlp,73.0,2379,620,65,2455,502,20,4,336,162,0.8,66.9,32.3,53,1985,90.5
ozone,299.7,9851,1573,118,3073,747,15,12,473,262,1.6,63.3,35.1,708,2342,51.3
maven-enforcer,21.7,978,68,8,94,55,13,0,30,25,0.0,54.5,45.5,5,56,91.7
maven-doxia,50.4,2020,133,11,545,96,14,7,46,43,7.3,47.9,44.8,26,464,78.7
accumulo,304.5,14604,724,12,3222,577,28,33,278,266,5.7,48.2,46.1,135,2681,81.0
uima-uimafit,19.5,1055,183,7,244,113,34,0,64,49,0.0,56.6,43.4,63,180,64.2
bookkeeper,106.0,3609,894,107,1866,451,18,7,317,127,1.6,70.3,28.2,336,1460,57.3
ratis,51.3,1892,252,16,591,54,0,3,17,34,5.6,31.5,63.0,182,537,22.9
phoenix-omid,34.5,1404,153,8,393,45,2,4,22,19,8.9,48.9,42.2,100,350,31.0
crunch,26.4,1093,137,4,683,97,7,3,44,50,3.1,45.4,51.5,36,593,72.9
maven-jar-plugin,12.9,609,7,2,69,4,1,0,2,2,0.0,50.0,50.0,1,66,80.0
ignite-3,214.3,6372,1782,121,6735,1040,76,40,634,366,3.8,61.0,35.2,621,5806,62.6
maven-release,31.3,1261,88,8,189,68,0,2,43,23,2.9,63.2,33.8,12,121,85.0
incubator-kie-optaplanner,391.7,9039,974,70,3194,488,30,26,262,200,5.3,53.7,41.0,416,2740,54.0
maven-dependency-plugin,44.2,1455,68,11,127,33,0,0,16,17,0.0,48.5,51.5,24,94,57.9
shenyu,145.8,3733,1312,43,2857,1106,70,19,224,863,1.7,20.3,78.0,163,1842,87.2
apex-malhar,136.8,6097,1035,188,1918,547,26,31,353,163,5.7,64.5,29.8,300,1408,64.6
uniffle,41.8,1463,362,31,708,204,8,4,163,37,2.0,79.9,18.1,127,512,61.6
parquet-java,68.3,2840,336,10,784,160,5,4,96,60,2.5,60.0,37.5,166,629,49.1
tomcat,648.6,27933,829,17,3393,311,12,6,51,254,1.9,16.4,81.7,501,3099,38.3
poi,375.5,13644,1612,19,4436,794,18,40,391,363,5.0,49.2,45.7,799,3664,49.8
commons-imaging,77.6,3086,203,25,425,97,1,0,10,87,0.0,10.3,89.7,81,329,54.5
jclouds-labs,60.8,1980,1670,12,3280,1013,226,20,872,121,2.0,86.1,11.9,645,2501,61.1
kafka,474.2,16748,2069,192,4132,1419,48,30,939,450,2.1,66.2,31.7,458,2773,75.6
shindig,133.8,4786,482,42,961,373,9,7,271,95,1.9,72.7,25.5,67,598,84.8
camel-quarkus,375.1,7025,581,48,3745,53,5,6,25,22,11.3,47.2,41.5,480,3704,9.9
metron,49.9,1453,427,21,1181,335,10,9,219,107,2.7,65.4,31.9,71,857,82.5
directory-server,295.8,10280,588,53,3285,257,18,20,97,140,7.8,37.7,54.5,282,3051,48.0
whirr,14.0,569,106,11,183,51,1,0,38,13,0.0,74.5,25.5,44,134,53.7
orc,74.5,2061,165,3,383,91,1,1,71,19,1.1,78.0,20.9,71,293,56.2
sentry,41.2,1542,479,45,638,95,0,4,68,23,4.2,71.6,24.2,339,543,21.9
atlas,128.5,4032,572,25,1698,421,31,6,123,292,1.4,29.2,69.4,126,1309,77.0
mina-vysper,19.7,779,272,188,555,45,1,6,28,11,13.3,62.2,24.4,39,513,53.6
druid,531.8,15503,3453,230,7027,2411,131,54,1440,917,2.2,59.7,38.0,813,4791,74.8
hadoop-common,360.6,10509,2562,146,4495,933,112,22,412,499,2.4,44.2,53.5,1483,3692,38.6
incubator-retired-htrace,12.1,605,40,3,79,22,2,0,12,10,0.0,54.5,45.5,15,59,59.5
brooklyn-library,79.4,3811,191,17,560,80,15,5,29,46,6.2,36.2,57.5,94,507,46.0
falcon,67.0,2227,288,15,936,140,5,7,90,43,5.0,64.3,30.7,133,802,51.3
commons-vfs,114.1,4536,240,44,372,72,4,0,27,45,0.0,37.5,62.5,124,305,36.7
sling-org-apache-sling-feature-cpconverter,11.7,584,49,4,101,34,2,1,20,13,2.9,58.8,38.2,11,69,75.6
commons-net,82.5,4138,114,7,461,92,17,2,24,66,2.2,26.1,71.7,15,388,86.0
rave,44.2,1555,242,9,609,224,2,2,138,84,0.9,61.6,37.5,9,387,96.1
lucene,1180.1,38764,3955,45,9855,2270,176,141,1402,727,6.2,61.8,32.0,1640,7823,58.1
httpcomponents-client,91.7,3900,487,26,985,240,6,12,138,90,5.0,57.5,37.5,221,751,52.1
incubator-brooklyn,228.2,13002,934,67,2062,422,50,18,175,229,4.3,41.5,54.3,445,1716,48.7
hadoop,981.0,28052,5796,428,10566,1974,104,39,1221,714,2.0,61.9,36.2,3394,8715,36.8
solr,1211.7,38587,3944,45,9859,2246,187,132,1338,776,5.9,59.6,34.6,1653,7866,57.6
flink,1486.7,37337,7066,612,17116,3791,293,222,2047,1522,5.9,54.0,40.1,2667,13830,58.7
shardingsphere,1352.7,47488,5428,175,14054,3412,234,311,1021,2080,9.1,29.9,61.0,1841,10951,65.0
beam,1131.7,46211,2936,112,6089,2161,126,72,1512,577,3.3,70.0,26.7,663,4159,76.5
